Workbook

Sheet 订货1
A1: 每月更新日期 | B1: 45962 | C1: 每月请将食材マスター的下记内容复制粘贴在A-J列 | K1: 月初填写 | L1: 订货日期↓ | M1: 点击下框，选店号↓ | N1: 订货人姓名↓ | O1: 注意事项：①《浅蓝》为必填内容。 | T1: 注意填写正确信息
A2: =TODAY() -> 45978 | B2: =B1+1 -> 45963 | H2: =L2+1 -> 45979 | J2: 开店时完成更新 | K2: =B1 -> 45962 | L2: =A2 -> 45978 | M2: 059嘉亭荟 | N2: 袁艳艳 | T2: 浅绿色每次订货需要确认修改↓ | AB2: 订货数
A3: 商品编码 | B3: 商品名 | C3: 保存条件 | D3: 保质期 | E3: 包装規格 | F3: 注文単位 | G3: 供应商名 | H3: 生产商 | I3: 配送 | J3: 店序列 | L3: 供应商名 | M3: 商品名 | N3: 下次送货日↓ | O3: 保管 | P3: 规格 | Q3: 订货单位 | R3: 建议量 | S3: 订货限定 | T3: SALES预估 | U3: 万元用量 | V3: 安全系数 | W3: 需求量 | X3: 库存量 | Y3: 前次合计 | Z3: 前次（1） | AA3: 前次（2） | AB3: =B1 -> 45962 | AC3: =AB3+1 -> 45963 | AD3: =AC3+1 -> 45964 | AE3: =AD3+1 -> 45965 | AF3: =AE3+1 -> 45966 | AG3: =AF3+1 -> 45967 | AH3: =AG3+1 -> 45968 | AI3: =AH3+1 -> 45969 | AJ3: =AI3+1 -> 45970 | ... BF3: =BE3+1 -> 45992 | BG3: 配送 | BH3: 生产商名称
A4: 101729 | B4: 可可粉 | C4: 常温 | E4: 0.5kg | F4: 包 | G4: 熠沣实业（上海）有限公司 | H4: 启东欧瑞食品有限公司 | I4: 由仓库 | K4: =VLOOKUP($A4,订货1!$A4:$A243,1,0) -> 101729 | L4: =VLOOKUP($A4,订货1!$A4:$G243,7,0) -> 熠沣实业（上海）有限公司 | M4: =VLOOKUP($A4,订货1!$A4:$B243,2,0) -> 可可粉 | N4: 45978 | O4: =VLOOKUP($A4,订货1!$A4:$C243,3,0) -> 常温 | P4: =VLOOKUP($A4,订货1!$A4:$E243,5,0) -> 0.5kg | Q4: =VLOOKUP($A4,订货1!$A4:$F243,6,0) -> 包 | R4: =IF(ROUNDUP(W4-Y4-X4,0)>=0,ROUNDUP((W4-Y4-X4),0),0) -> 0 | S4: 全店 | T4: =SUMIF(预估营业额3!$B$3:$B$39,">="&$H$2,预估营业额3!$E$3:$E$39)-SUMIF(预估营业额3!$B$3:$B$39,">"&N4,预估营业额3!$E$3:$E$39) -> 0 | U4: 0.0041935168 | V4: 1 | W4: =T4*U4*V4 -> 0 | X4: 1 | Y4: =Z4+AA4 -> 0 | BG4: =VLOOKUP($A4,订货1!$A4:$I243,9,0) -> 由仓库 | BH4: =VLOOKUP($A4,订货1!$A4:$H243,8,0) -> 启东欧瑞食品有限公司
A5: 101727 | B5: 冷冻意大利面 | C5: 冷凍 | E5: 200g*30 | F5: 箱 | G5: 青岛亚是加食品有限公司 | H5: 青岛亚是加食品有限公司 | I5: 由仓库 | K5: =VLOOKUP($A5,订货1!$A5:$A244,1,0) -> 101727 | L5: =VLOOKUP($A5,订货1!$A5:$G244,7,0) -> 青岛亚是加食品有限公司 | M5: =VLOOKUP($A5,订货1!$A5:$B244,2,0) -> 冷冻意大利面 | N5: =$N$4 -> 45978 | O5: =VLOOKUP($A5,订货1!$A5:$C244,3,0) -> 冷凍 | P5: =VLOOKUP($A5,订货1!$A5:$E244,5,0) -> 200g*30 | Q5: =VLOOKUP($A5,订货1!$A5:$F244,6,0) -> 箱 | R5: =IF(ROUNDUP(W5-Y5-X5,0)>=0,ROUNDUP((W5-Y5-X5),0),0) -> 0 | S5: 实验店 | T5: =SUMIF(预估营业额3!$B$3:$B$39,">="&$H$2,预估营业额3!$E$3:$E$39)-SUMIF(预估营业额3!$B$3:$B$39,">"&N5,预估营业额3!$E$3:$E$39) -> 0 | U5: 0 | V5: 1 | W5: =T5*U5*V5 -> 0 | X5: 0 | Y5: =Z5+AA5 -> 0 | BG5: =VLOOKUP($A5,订货1!$A5:$I244,9,0) -> 由仓库 | BH5: =VLOOKUP($A5,订货1!$A5:$H244,8,0) -> 青岛亚是加食品有限公司
A6: 101730 | B6: 利梭多粉 | C6: 常温 | E6: 33g*20包*20袋/箱 | F6: 箱 | G6: 卓典食品科技（江苏）有限公司 | H6: 卓典食品科技（江苏）有限公司 | I6: 由仓库 | K6: =VLOOKUP($A6,订货1!$A6:$A245,1,0) -> 101730 | L6: =VLOOKUP($A6,订货1!$A6:$G245,7,0) -> 卓典食品科技（江苏）有限公司 | M6: =VLOOKUP($A6,订货1!$A6:$B245,2,0) -> 利梭多粉 | N6: =$N$4 -> 45978 | O6: =VLOOKUP($A6,订货1!$A6:$C245,3,0) -> 常温 | P6: =VLOOKUP($A6,订货1!$A6:$E245,5,0) -> 33g*20包*20袋/箱 | Q6: =VLOOKUP($A6,订货1!$A6:$F245,6,0) -> 箱 | R6: =IF(ROUNDUP(W6-Y6-X6,0)>=0,ROUNDUP((W6-Y6-X6),0),0) -> 0 | S6: 全店 | T6: =SUMIF(预估营业额3!$B$3:$B$39,">="&$H$2,预估营业额3!$E$3:$E$39)-SUMIF(预估营业额3!$B$3:$B$39,">"&N6,预估营业额3!$E$3:$E$39) -> 0 | U6: 0.0045429766 | V6: 1 | W6: =T6*U6*V6 -> 0 | X6: 0.25 | Y6: =Z6+AA6 -> 0 | BG6: =VLOOKUP($A6,订货1!$A6:$I245,9,0) -> 由仓库 | BH6: =VLOOKUP($A6,订货1!$A6:$H245,8,0) -> 卓典食品科技（江苏）有限公司
A7: 101739 | B7: 华美裹粉鸡胗 | C7: 冷凍 | E7: 40g*20*12 | F7: 箱 | G7: 沈阳华美食品有限公司 | H7: 沈阳华美食品有限公司 | I7: 由仓库 | K7: =VLOOKUP($A7,订货1!$A7:$A246,1,0) -> 101739 | L7: =VLOOKUP($A7,订货1!$A7:$G246,7,0) -> 沈阳华美食品有限公司 | M7: =VLOOKUP($A7,订货1!$A7:$B246,2,0) -> 华美裹粉鸡胗 | N7: =$N$4 -> 45978 | O7: =VLOOKUP($A7,订货1!$A7:$C246,3,0) -> 冷凍 | P7: =VLOOKUP($A7,订货1!$A7:$E246,5,0) -> 40g*20*12 | Q7: =VLOOKUP($A7,订货1!$A7:$F246,6,0) -> 箱 | R7: =IF(ROUNDUP(W7-Y7-X7,0)>=0,ROUNDUP((W7-Y7-X7),0),0) -> 0 | S7: 全店 | T7: =SUMIF(预估营业额3!$B$3:$B$39,">="&$H$2,预估营业额3!$E$3:$E$39)-SUMIF(预估营业额3!$B$3:$B$39,">"&N7,预估营业额3!$E$3:$E$39) -> 0 | U7: 0.025743534 | V7: 1 | W7: =T7*U7*V7 -> 0 | X7: 0 | Y7: =Z7+AA7 -> 0 | BG7: =VLOOKUP($A7,订货1!$A7:$I246,9,0) -> 由仓库 | BH7: =VLOOKUP($A7,订货1!$A7:$H246,8,0) -> 沈阳华美食品有限公司
A8: 101752 | B8: 冷冻土豆泥 | C8: 冷凍 | E8: 1kg*10 | F8: 箱 | G8: 山東三涛食品有限公司 | H8: 山東三涛食品有限公司 | I8: 由仓库 | J8: 045巴黎春天宝山店（松江） | K8: =VLOOKUP($A8,订货1!$A8:$A248,1,0) -> 101752 | L8: =VLOOKUP($A8,订货1!$A8:$G248,7,0) -> 山東三涛食品有限公司 | M8: =VLOOKUP($A8,订货1!$A8:$B248,2,0) -> 冷冻土豆泥 | N8: =$N$4 -> 45978 | O8: =VLOOKUP($A8,订货1!$A8:$C248,3,0) -> 冷凍 | P8: =VLOOKUP($A8,订货1!$A8:$E248,5,0) -> 1kg*10 | Q8: =VLOOKUP($A8,订货1!$A8:$F248,6,0) -> 箱 | R8: =IF(ROUNDUP(W8-Y8-X8,0)>=0,ROUNDUP((W8-Y8-X8),0),0) -> 0 | S8: 实验店 | T8: =SUMIF(预估营业额3!$B$3:$B$39,">="&$H$2,预估营业额3!$E$3:$E$39)-SUMIF(预估营业额3!$B$3:$B$39,">"&N8,预估营业额3!$E$3:$E$39) -> 0 | U8: 0 | V8: 1 | W8: =T8*U8*V8 -> 0 | X8: 0 | Y8: =Z8+AA8 -> 0 | BG8: =VLOOKUP($A8,订货1!$A8:$I248,9,0) -> 由仓库 | BH8: =VLOOKUP($A8,订货1!$A8:$H248,8,0) -> 山東三涛食品有限公司
A9: 101686 | B9: 黄桃丁罐头（825g） | C9: 常温 | E9: 0.825kg*24can | F9: 箱 | G9: 融滋合味（上海）科技有限公司 | H9: 宿州皇冠食品有限公司 | I9: 由仓库 | J9: 050南京环亚店 | K9: =VLOOKUP($A9,订货1!$A9:$A250,1,0) -> 101686 | L9: =VLOOKUP($A9,订货1!$A9:$G250,7,0) -> 融滋合味（上海）科技有限公司 | M9: =VLOOKUP($A9,订货1!$A9:$B250,2,0) -> 黄桃丁罐头（825g） | N9: =$N$4 -> 45978 | O9: =VLOOKUP($A9,订货1!$A9:$C250,3,0) -> 常温 | P9: =VLOOKUP($A9,订货1!$A9:$E250,5,0) -> 0.825kg*24can | Q9: =VLOOKUP($A9,订货1!$A9:$F250,6,0) -> 箱 | R9: =IF(ROUNDUP(W9-Y9-X9,0)>=0,ROUNDUP((W9-Y9-X9),0),0) -> 0 | S9: 全店 | T9: =SUMIF(预估营业额3!$B$3:$B$39,">="&$H$2,预估营业额3!$E$3:$E$39)-SUMIF(预估营业额3!$B$3:$B$39,">"&N9,预估营业额3!$E$3:$E$39) -> 0 | U9: 0.039023004 | V9: 1 | W9: =T9*U9*V9 -> 0 | X9: 0.5 | Y9: =Z9+AA9 -> 0 | AI9: 1 | BG9: =VLOOKUP($A9,订货1!$A9:$I250,9,0) -> 由仓库 | BH9: =VLOOKUP($A9,订货1!$A9:$H250,8,0) -> 宿州皇冠食品有限公司
A10: 101112 | B10: 亨氏番茄调味酱 | C10: 常温 | E10: 10g*600pc | F10: 箱 | G10: 上海捷仪经贸有限公司 | H10: 亨氏（青岛）食品有限公司 | I10: 由仓库 | J10: 058莘庄龙之梦店（松江） | K10: =VLOOKUP($A10,订货1!$A10:$A251,1,0) -> 101112 | L10: =VLOOKUP($A10,订货1!$A10:$G251,7,0) -> 上海捷仪经贸有限公司 | M10: =VLOOKUP($A10,订货1!$A10:$B251,2,0) -> 亨氏番茄调味酱 | N10: =$N$4 -> 45978 | O10: =VLOOKUP($A10,订货1!$A10:$C251,3,0) -> 常温 | P10: =VLOOKUP($A10,订货1!$A10:$E251,5,0) -> 10g*600pc | Q10: =VLOOKUP($A10,订货1!$A10:$F251,6,0) -> 箱 | R10: =IF(ROUNDUP(W10-Y10-X10,0)>=0,ROUNDUP((W10-Y10-X10),0),0) -> 0 | S10: 全店 | T10: =SUMIF(预估营业额3!$B$3:$B$39,">="&$H$2,预估营业额3!$E$3:$E$39)-SUMIF(预估营业额3!$B$3:$B$39,">"&N10,预估营业额3!$E$3:$E$39) -> 0 | U10: 0.031008727 | V10: 1 | W10: =T10*U10*V10 -> 0 | X10: 0.3 | Y10: =Z10+AA10 -> 0 | AC10: 1 | AM10: 1 | BG10: =VLOOKUP($A10,订货1!$A10:$I251,9,0) -> 由仓库 | BH10: =VLOOKUP($A10,订货1!$A10:$H251,8,0) -> 亨氏（青岛）食品有限公司
A11: 101687 | B11: 椰果罐头（850g） | C11: 常温 | E11: 0.85kg*12can | F11: 箱 | G11: 上海潜深实业有限公司 | H11: 雷州市绿河食品实业有限公司 | I11: 由仓库 | J11: 059嘉亭荟 | K11: =VLOOKUP($A11,订货1!$A11:$A252,1,0) -> 101687 | L11: =VLOOKUP($A11,订货1!$A11:$G252,7,0) -> 上海潜深实业有限公司 | M11: =VLOOKUP($A11,订货1!$A11:$B252,2,0) -> 椰果罐头（850g） | N11: =$N$4 -> 45978 | O11: =VLOOKUP($A11,订货1!$A11:$C252,3,0) -> 常温 | P11: =VLOOKUP($A11,订货1!$A11:$E252,5,0) -> 0.85kg*12can | Q11: =VLOOKUP($A11,订货1!$A11:$F252,6,0) -> 箱 | R11: =IF(ROUNDUP(W11-Y11-X11,0)>=0,ROUNDUP((W11-Y11-X11),0),0) -> 0 | S11: 全店 | T11: =SUMIF(预估营业额3!$B$3:$B$39,">="&$H$2,预估营业额3!$E$3:$E$39)-SUMIF(预估营业额3!$B$3:$B$39,">"&N11,预估营业额3!$E$3:$E$39) -> 0 | U11: 0.064067618 | V11: 1 | W11: =T11*U11*V11 -> 0 | X11: 1 | Y11: =Z11+AA11 -> 0 | AG11: 1 | AM11: 1 | BG11: =VLOOKUP($A11,订货1!$A11:$I252,9,0) -> 由仓库 | BH11: =VLOOKUP($A11,订货1!$A11:$H252,8,0) -> 雷州市绿河食品实业有限公司
A12: 101738 | B12: （组）巴氏杀菌冰全蛋 | C12: 冷凍 | E12: 970g*6 | F12: 组 | G12: 苏州欧福蛋液股份有限公司 | H12: 苏州欧福蛋液股份有限公司 | I12: 由仓库 | J12: 065真光路二店 | K12: =VLOOKUP($A12,订货1!$A12:$A253,1,0) -> 101738 | L12: =VLOOKUP($A12,订货1!$A12:$G253,7,0) -> 苏州欧福蛋液股份有限公司 | M12: =VLOOKUP($A12,订货1!$A12:$B253,2,0) -> （组）巴氏杀菌冰全蛋 | N12: =$N$4 -> 45978 | O12: =VLOOKUP($A12,订货1!$A12:$C253,3,0) -> 冷凍 | P12: =VLOOKUP($A12,订货1!$A12:$E253,5,0) -> 970g*6 | Q12: =VLOOKUP($A12,订货1!$A12:$F253,6,0) -> 组 | R12: =IF(ROUNDUP(W12-Y12-X12,0)>=0,ROUNDUP((W12-Y12-X12),0),0) -> 0 | S12: 全店 | T12: =SUMIF(预估营业额3!$B$3:$B$39,">="&$H$2,预估营业额3!$E$3:$E$39)-SUMIF(预估营业额3!$B$3:$B$39,">"&N12,预估营业额3!$E$3:$E$39) -> 0 | U12: 0.090381576 | V12: 1 | W12: =T12*U12*V12 -> 0 | X12: 0.6 | Y12: =Z12+AA12 -> 1 | Z12: 1 | AG12: 1 | AN12: 1 | BG12: =VLOOKUP($A12,订货1!$A12:$I253,9,0) -> 由仓库 | BH12: =VLOOKUP($A12,订货1!$A12:$H253,8,0) -> 苏州欧福蛋液股份有限公司
A13: 101688 | B13: 奶油蘑菇汤 | C13: 冷凍 | E13: 0.16kg*50pc | F13: 箱 | G13: 上海宝立食品科技股份有限公司 | H13: 浙江宝立食品科技有限公司 | I13: 由仓库 | J13: 067南京德盈店 | K13: =VLOOKUP($A13,订货1!$A13:$A254,1,0) -> 101688 | L13: =VLOOKUP($A13,订货1!$A13:$G254,7,0) -> 上海宝立食品科技股份有限公司 | M13: =VLOOKUP($A13,订货1!$A13:$B254,2,0) -> 奶油蘑菇汤 | N13: =$N$4 -> 45978 | O13: =VLOOKUP($A13,订货1!$A13:$C254,3,0) -> 冷凍 | P13: =VLOOKUP($A13,订货1!$A13:$E254,5,0) -> 0.16kg*50pc | Q13: =VLOOKUP($A13,订货1!$A13:$F254,6,0) -> 箱 | R13: =IF(ROUNDUP(W13-Y13-X13,0)>=0,ROUNDUP((W13-Y13-X13),0),0) -> 0 | S13: 全店 | T13: =SUMIF(预估营业额3!$B$3:$B$39,">="&$H$2,预估营业额3!$E$3:$E$39)-SUMIF(预估营业额3!$B$3:$B$39,">"&N13,预估营业额3!$E$3:$E$39) -> 0 | U13: 0.4 | V13: 1 | W13: =T13*U13*V13 -> 0 | X13: 1.3 | Y13: =Z13+AA13 -> 2 | Z13: 2 | AB13: 1 | AE13: 2 | AF13: 1 | AG13: 2 | AI13: 1 | AM13: 2 | AN13: 2 | AO13: 1 | BG13: =VLOOKUP($A13,订货1!$A13:$I254,9,0) -> 由仓库 | BH13: =VLOOKUP($A13,订货1!$A13:$H254,8,0) -> 浙江宝立食品科技有限公司
A14: 101290 | B14: 黑胡椒碎 | C14: 常温 | E14: 1kg | F14: 袋 | G14: 上海捷仪经贸有限公司 | H14: 泰州顶淳食品有限公司 | I14: 由仓库 | J14: 069宣化路店 | K14: =VLOOKUP($A14,订货1!$A14:$A255,1,0) -> 101290 | L14: =VLOOKUP($A14,订货1!$A14:$G255,7,0) -> 上海捷仪经贸有限公司 | M14: =VLOOKUP($A14,订货1!$A14:$B255,2,0) -> 黑胡椒碎 | N14: =$N$4 -> 45978 | O14: =VLOOKUP($A14,订货1!$A14:$C255,3,0) -> 常温 | P14: =VLOOKUP($A14,订货1!$A14:$E255,5,0) -> 1kg | Q14: =VLOOKUP($A14,订货1!$A14:$F255,6,0) -> 袋 | R14: =IF(ROUNDUP(W14-Y14-X14,0)>=0,ROUNDUP((W14-Y14-X14),0),0) -> 0 | S14: 全店 | T14: =SUMIF(预估营业额3!$B$3:$B$39,">="&$H$2,预估营业额3!$E$3:$E$39)-SUMIF(预估营业额3!$B$3:$B$39,">"&N14,预估营业额3!$E$3:$E$39) -> 0 | U14: 0.0069891947 | V14: 1 | W14: =T14*U14*V14 -> 0 | X14: 1 | Y14: =Z14+AA14 -> 0 | BG14: =VLOOKUP($A14,订货1!$A14:$I255,9,0) -> 由仓库 | BH14: =VLOOKUP($A14,订货1!$A14:$H255,8,0) -> 泰州顶淳食品有限公司
A15: 101398 | B15: 好日子红茶 | C15: 常温 | E15: 2g*100pc*30pc大 | F15: 袋 | G15: 上海捷仪经贸有限公司 | H15: 福建好日子食品有限公司 | I15: 由仓库 | J15: 071长阳路店 | K15: =VLOOKUP($A15,订货1!$A15:$A256,1,0) -> 101398 | L15: =VLOOKUP($A15,订货1!$A15:$G256,7,0) -> 上海捷仪经贸有限公司 | M15: =VLOOKUP($A15,订货1!$A15:$B256,2,0) -> 好日子红茶 | N15: =$N$4 -> 45978 | O15: =VLOOKUP($A15,订货1!$A15:$C256,3,0) -> 常温 | P15: =VLOOKUP($A15,订货1!$A15:$E256,5,0) -> 2g*100pc*30pc大 | Q15: =VLOOKUP($A15,订货1!$A15:$F256,6,0) -> 袋 | R15: =IF(ROUNDUP(W15-Y15-X15,0)>=0,ROUNDUP((W15-Y15-X15),0),0) -> 0 | S15: 全店 | T15: =SUMIF(预估营业额3!$B$3:$B$39,">="&$H$2,预估营业额3!$E$3:$E$39)-SUMIF(预估营业额3!$B$3:$B$39,">"&N15,预估营业额3!$E$3:$E$39) -> 0 | U15: 0.013139686 | V15: 1 | W15: =T15*U15*V15 -> 0 | X15: 1 | Y15: =Z15+AA15 -> 0 | BG15: =VLOOKUP($A15,订货1!$A15:$I256,9,0) -> 由仓库 | BH15: =VLOOKUP($A15,订货1!$A15:$H256,8,0) -> 福建好日子食品有限公司
A16: 101399 | B16: 好日子绿茶 | C16: 常温 | E16: 2g*100pc*30pc大 | F16: 袋 | G16: 上海捷仪经贸有限公司 | H16: 福建好日子食品有限公司 | I16: 由仓库 | J16: 073金山百联店（松江） | K16: =VLOOKUP($A16,订货1!$A16:$A257,1,0) -> 101399 | L16: =VLOOKUP($A16,订货1!$A16:$G257,7,0) -> 上海捷仪经贸有限公司 | M16: =VLOOKUP($A16,订货1!$A16:$B257,2,0) -> 好日子绿茶 | N16: =$N$4 -> 45978 | O16: =VLOOKUP($A16,订货1!$A16:$C257,3,0) -> 常温 | P16: =VLOOKUP($A16,订货1!$A16:$E257,5,0) -> 2g*100pc*30pc大 | Q16: =VLOOKUP($A16,订货1!$A16:$F257,6,0) -> 袋 | R16: =IF(ROUNDUP(W16-Y16-X16,0)>=0,ROUNDUP((W16-Y16-X16),0),0) -> 0 | S16: 全店 | T16: =SUMIF(预估营业额3!$B$3:$B$39,">="&$H$2,预估营业额3!$E$3:$E$39)-SUMIF(预估营业额3!$B$3:$B$39,">"&N16,预估营业额3!$E$3:$E$39) -> 0 | U16: 0.0037741651 | V16: 1 | W16: =T16*U16*V16 -> 0 | X16: 0.1 | Y16: =Z16+AA16 -> 0 | BG16: =VLOOKUP($A16,订货1!$A16:$I257,9,0) -> 由仓库 | BH16: =VLOOKUP($A16,订货1!$A16:$H257,8,0) -> 福建好日子食品有限公司
A17: 101400 | B17: 好日子茉莉花茶 | C17: 常温 | E17: 2g*100pc*30pc大 | F17: 袋 | G17: 上海捷仪经贸有限公司 | H17: 福建好日子食品有限公司 | I17: 由仓库 | J17: 074香港名都（松江） | K17: =VLOOKUP($A17,订货1!$A17:$A258,1,0) -> 101400 | L17: =VLOOKUP($A17,订货1!$A17:$G258,7,0) -> 上海捷仪经贸有限公司 | M17: =VLOOKUP($A17,订货1!$A17:$B258,2,0) -> 好日子茉莉花茶 | N17: =$N$4 -> 45978 | O17: =VLOOKUP($A17,订货1!$A17:$C258,3,0) -> 常温 | P17: =VLOOKUP($A17,订货1!$A17:$E258,5,0) -> 2g*100pc*30pc大 | Q17: =VLOOKUP($A17,订货1!$A17:$F258,6,0) -> 袋 | R17: =IF(ROUNDUP(W17-Y17-X17,0)>=0,ROUNDUP((W17-Y17-X17),0),0) -> 0 | S17: 全店 | T17: =SUMIF(预估营业额3!$B$3:$B$39,">="&$H$2,预估营业额3!$E$3:$E$39)-SUMIF(预估营业额3!$B$3:$B$39,">"&N17,预估营业额3!$E$3:$E$39) -> 0 | U17: 0.017752555 | V17: 1 | W17: =T17*U17*V17 -> 0 | X17: 1 | Y17: =Z17+AA17 -> 0 | AM17: 1 | BG17: =VLOOKUP($A17,订货1!$A17:$I258,9,0) -> 由仓库 | BH17: =VLOOKUP($A17,订货1!$A17:$H258,8,0) -> 福建好日子食品有限公司
A18: 201276 | B18: 白糖包 | C18: 常温 | E18: 7g*250pc | F18: 袋 | G18: 上海捷仪经贸有限公司 | H18: 广州华糖食品有限公司 | I18: 由仓库 | J18: 080沪航公路店（松江） | K18: =VLOOKUP($A18,订货1!$A18:$A259,1,0) -> 201276 | L18: =VLOOKUP($A18,订货1!$A18:$G259,7,0) -> 上海捷仪经贸有限公司 | M18: =VLOOKUP($A18,订货1!$A18:$B259,2,0) -> 白糖包 | N18: =$N$4 -> 45978 | O18: =VLOOKUP($A18,订货1!$A18:$C259,3,0) -> 常温 | P18: =VLOOKUP($A18,订货1!$A18:$E259,5,0) -> 7g*250pc | Q18: =VLOOKUP($A18,订货1!$A18:$F259,6,0) -> 袋 | R18: =IF(ROUNDUP(W18-Y18-X18,0)>=0,ROUNDUP((W18-Y18-X18),0),0) -> 0 | S18: 全店 | T18: =SUMIF(预估营业额3!$B$3:$B$39,">="&$H$2,预估营业额3!$E$3:$E$39)-SUMIF(预估营业额3!$B$3:$B$39,">"&N18,预估营业额3!$E$3:$E$39) -> 0 | U18: 0.0050322202 | V18: 1 | W18: =T18*U18*V18 -> 0 | X18: 1 | Y18: =Z18+AA18 -> 0 | AM18: 1 | BG18: =VLOOKUP($A18,订货1!$A18:$I259,9,0) -> 由仓库 | BH18: =VLOOKUP($A18,订货1!$A18:$H259,8,0) -> 广州华糖食品有限公司
A19: 101650 | B19: 干辣椒段 | C19: 常温 | E19: 1kg | F19: 箱 | G19: 川商（大連）貿易有限公司 | H19: 河北乾亿食品股份有限公司 | I19: 由仓库 | J19: 082七宝凯德嘉茂 | K19: =VLOOKUP($A19,订货1!$A19:$A260,1,0) -> 101650 | L19: =VLOOKUP($A19,订货1!$A19:$G260,7,0) -> 川商（大連）貿易有限公司 | M19: =VLOOKUP($A19,订货1!$A19:$B260,2,0) -> 干辣椒段 | N19: =$N$4 -> 45978 | O19: =VLOOKUP($A19,订货1!$A19:$C260,3,0) -> 常温 | P19: =VLOOKUP($A19,订货1!$A19:$E260,5,0) -> 1kg | Q19: =VLOOKUP($A19,订货1!$A19:$F260,6,0) -> 箱 | R19: =IF(ROUNDUP(W19-Y19-X19,0)>=0,ROUNDUP((W19-Y19-X19),0),0) -> 0 | S19: 全店 | T19: =SUMIF(预估营业额3!$B$3:$B$39,">="&$H$2,预估营业额3!$E$3:$E$39)-SUMIF(预估营业额3!$B$3:$B$39,">"&N19,预估营业额3!$E$3:$E$39) -> 0 | U19: 0.036343812 | V19: 1 | W19: =T19*U19*V19 -> 0 | X19: 1 | Y19: =Z19+AA19 -> 0 | AM19: 1 | BG19: =VLOOKUP($A19,订货1!$A19:$I260,9,0) -> 由仓库 | BH19: =VLOOKUP($A19,订货1!$A19:$H260,8,0) -> 河北乾亿食品股份有限公司
A20: 101025 | B20: 大蒜黄油 | C20: 冷凍 | E20: 3kg*4pc | F20: 箱 | G20: 嘉兴铃吉食品有限公司 | H20: 嘉兴铃吉食品有限公司 | I20: 由仓库 | J20: 083三号湾 | K20: =VLOOKUP($A20,订货1!$A20:$A261,1,0) -> 101025 | L20: =VLOOKUP($A20,订货1!$A20:$G261,7,0) -> 嘉兴铃吉食品有限公司 | M20: =VLOOKUP($A20,订货1!$A20:$B261,2,0) -> 大蒜黄油 | N20: =$N$4 -> 45978 | O20: =VLOOKUP($A20,订货1!$A20:$C261,3,0) -> 冷凍 | P20: =VLOOKUP($A20,订货1!$A20:$E261,5,0) -> 3kg*4pc | Q20: =VLOOKUP($A20,订货1!$A20:$F261,6,0) -> 箱 | R20: =IF(ROUNDUP(W20-Y20-X20,0)>=0,ROUNDUP((W20-Y20-X20),0),0) -> 0 | S20: 江浙店铺（宁波余姚除外） | T20: =SUMIF(预估营业额3!$B$3:$B$39,">="&$H$2,预估营业额3!$E$3:$E$39)-SUMIF(预估营业额3!$B$3:$B$39,">"&N20,预估营业额3!$E$3:$E$39) -> 0 | U20: 0 | V20: 1 | W20: =T20*U20*V20 -> 0 | X20: 2.25 | Y20: =Z20+AA20 -> 0 | BG20: =VLOOKUP($A20,订货1!$A20:$I261,9,0) -> 由仓库 | BH20: =VLOOKUP($A20,订货1!$A20:$H261,8,0) -> 嘉兴铃吉食品有限公司
A21: 101027 | B21: 酱蒜汁 | C21: 冷凍 | E21: 1kg*6pc | F21: 箱 | G21: 嘉兴铃吉食品有限公司 | H21: 嘉兴铃吉食品有限公司 | I21: 由仓库 | J21: 088正大乐城店 | K21: =VLOOKUP($A21,订货1!$A21:$A262,1,0) -> 101027 | L21: =VLOOKUP($A21,订货1!$A21:$G262,7,0) -> 嘉兴铃吉食品有限公司 | M21: =VLOOKUP($A21,订货1!$A21:$B262,2,0) -> 酱蒜汁 | N21: =$N$4 -> 45978 | O21: =VLOOKUP($A21,订货1!$A21:$C262,3,0) -> 冷凍 | P21: =VLOOKUP($A21,订货1!$A21:$E262,5,0) -> 1kg*6pc | Q21: =VLOOKUP($A21,订货1!$A21:$F262,6,0) -> 箱 | R21: =IF(ROUNDUP(W21-Y21-X21,0)>=0,ROUNDUP((W21-Y21-X21),0),0) -> 0 | S21: 全店 | T21: =SUMIF(预估营业额3!$B$3:$B$39,">="&$H$2,预估营业额3!$E$3:$E$39)-SUMIF(预估营业额3!$B$3:$B$39,">"&N21,预估营业额3!$E$3:$E$39) -> 0 | U21: 0.033781108 | V21: 1 | W21: =T21*U21*V21 -> 0 | X21: 0.83333333 | Y21: =Z21+AA21 -> 0 | AH21: 1 | BG21: =VLOOKUP($A21,订货1!$A21:$I262,9,0) -> 由仓库 | BH21: =VLOOKUP($A21,订货1!$A21:$H262,8,0) -> 嘉兴铃吉食品有限公司
A22: 101732 | B22: 榴莲果肉 | C22: 冷凍 | E22: 1kg | F22: 包 | G22: 融滋合味（上海）科技有限公司 | H22: Sunshine International Co., Ltd | I22: 由仓库 | J22: 089中星城店 | K22: =VLOOKUP($A22,订货1!$A22:$A263,1,0) -> 101732 | L22: =VLOOKUP($A22,订货1!$A22:$G263,7,0) -> 融滋合味（上海）科技有限公司 | M22: =VLOOKUP($A22,订货1!$A22:$B263,2,0) -> 榴莲果肉 | N22: =$N$4 -> 45978 | O22: =VLOOKUP($A22,订货1!$A22:$C263,3,0) -> 冷凍 | P22: =VLOOKUP($A22,订货1!$A22:$E263,5,0) -> 1kg | Q22: =VLOOKUP($A22,订货1!$A22:$F263,6,0) -> 包 | R22: =IF(ROUNDUP(W22-Y22-X22,0)>=0,ROUNDUP((W22-Y22-X22),0),0) -> 0 | S22: 全店 | T22: =SUMIF(预估营业额3!$B$3:$B$39,">="&$H$2,预估营业额3!$E$3:$E$39)-SUMIF(预估营业额3!$B$3:$B$39,">"&N22,预估营业额3!$E$3:$E$39) -> 0 | U22: 0.7 | V22: 1 | W22: =T22*U22*V22 -> 0 | X22: 3 | Y22: =Z22+AA22 -> 2 | Z22: 2 | AB22: 1 | AC22: 2 | AE22: 1 | AF22: 2 | AG22: 2 | AJ22: 2 | AM22: 3 | AN22: 2 | AO22: 1 | BG22: =VLOOKUP($A22,订货1!$A22:$I263,9,0) -> 由仓库 | BH22: =VLOOKUP($A22,订货1!$A22:$H263,8,0) -> Sunshine International Co., Ltd
A23: 101617 | B23: 冻鱿鱼 | C23: 冷凍 | E23: 1kg*10pkt | F23: 箱 | G23: 丹东永明食品有限公司 | H23: 丹东永明食品有限公司 | I23: 由仓库 | J23: 090苏州万科美好广场 | K23: =VLOOKUP($A23,订货1!$A23:$A264,1,0) -> 101617 | L23: =VLOOKUP($A23,订货1!$A23:$G264,7,0) -> 丹东永明食品有限公司 | M23: =VLOOKUP($A23,订货1!$A23:$B264,2,0) -> 冻鱿鱼 | N23: =$N$4 -> 45978 | O23: =VLOOKUP($A23,订货1!$A23:$C264,3,0) -> 冷凍 | P23: =VLOOKUP($A23,订货1!$A23:$E264,5,0) -> 1kg*10pkt | Q23: =VLOOKUP($A23,订货1!$A23:$F264,6,0) -> 箱 | R23: =IF(ROUNDUP(W23-Y23-X23,0)>=0,ROUNDUP((W23-Y23-X23),0),0) -> 0 | S23: 全店 | T23: =SUMIF(预估营业额3!$B$3:$B$39,">="&$H$2,预估营业额3!$E$3:$E$39)-SUMIF(预估营业额3!$B$3:$B$39,">"&N23,预估营业额3!$E$3:$E$39) -> 0 | U23: 0.13559038 | V23: 1 | W23: =T23*U23*V23 -> 0 | X23: 1 | Y23: =Z23+AA23 -> 0 | AF23: 1 | AJ23: 1 | AM23: 1 | AO23: 1 | BG23: =VLOOKUP($A23,订货1!$A23:$I264,9,0) -> 由仓库 | BH23: =VLOOKUP($A23,订货1!$A23:$H264,8,0) -> 丹东永明食品有限公司
A24: 101030 | B24: 海鲜味调味汁 | C24: 冷凍 | E24: 2kg*5pc | F24: 箱 | G24: 嘉兴铃吉食品有限公司 | H24: 嘉兴铃吉食品有限公司 | I24: 由仓库 | J24: 091永德生活广场店（松江） | K24: =VLOOKUP($A24,订货1!$A24:$A265,1,0) -> 101030 | L24: =VLOOKUP($A24,订货1!$A24:$G265,7,0) -> 嘉兴铃吉食品有限公司 | M24: =VLOOKUP($A24,订货1!$A24:$B265,2,0) -> 海鲜味调味汁 | N24: =$N$4 -> 45978 | O24: =VLOOKUP($A24,订货1!$A24:$C265,3,0) -> 冷凍 | P24: =VLOOKUP($A24,订货1!$A24:$E265,5,0) -> 2kg*5pc | Q24: =VLOOKUP($A24,订货1!$A24:$F265,6,0) -> 箱 | R24: =IF(ROUNDUP(W24-Y24-X24,0)>=0,ROUNDUP((W24-Y24-X24),0),0) -> 0 | S24: 全店 | T24: =SUMIF(预估营业额3!$B$3:$B$39,">="&$H$2,预估营业额3!$E$3:$E$39)-SUMIF(预估营业额3!$B$3:$B$39,">"&N24,预估营业额3!$E$3:$E$39) -> 0 | U24: 0.10316051 | V24: 1 | W24: =T24*U24*V24 -> 0 | X24: 1 | Y24: =Z24+AA24 -> 1 | Z24: 1 | AG24: 1 | AI24: 1 | AN24: 1 | BG24: =VLOOKUP($A24,订货1!$A24:$I265,9,0) -> 由仓库 | BH24: =VLOOKUP($A24,订货1!$A24:$H265,8,0) -> 嘉兴铃吉食品有限公司
A25: 101055 | B25: 蔬菜汤 | C25: 冷凍 | E25: 1kg*10pc | F25: 箱 | G25: 嘉兴铃吉食品有限公司 | H25: 嘉兴铃吉食品有限公司 | I25: 由仓库 | J25: 092新龙阳广场 | K25: =VLOOKUP($A25,订货1!$A25:$A266,1,0) -> 101055 | L25: =VLOOKUP($A25,订货1!$A25:$G266,7,0) -> 嘉兴铃吉食品有限公司 | M25: =VLOOKUP($A25,订货1!$A25:$B266,2,0) -> 蔬菜汤 | N25: =$N$4 -> 45978 | O25: =VLOOKUP($A25,订货1!$A25:$C266,3,0) -> 冷凍 | P25: =VLOOKUP($A25,订货1!$A25:$E266,5,0) -> 1kg*10pc | Q25: =VLOOKUP($A25,订货1!$A25:$F266,6,0) -> 箱 | R25: =IF(ROUNDUP(W25-Y25-X25,0)>=0,ROUNDUP((W25-Y25-X25),0),0) -> 0 | S25: 全店 | T25: =SUMIF(预估营业额3!$B$3:$B$39,">="&$H$2,预估营业额3!$E$3:$E$39)-SUMIF(预估营业额3!$B$3:$B$39,">"&N25,预估营业额3!$E$3:$E$39) -> 0 | U25: 0.072687625 | V25: 1 | W25: =T25*U25*V25 -> 0 | X25: 1 | Y25: =Z25+AA25 -> 0 | AF25: 1 | AM25: 1 | BG25: =VLOOKUP($A25,订货1!$A25:$I266,9,0) -> 由仓库 | BH25: =VLOOKUP($A25,订货1!$A25:$H266,8,0) -> 嘉兴铃吉食品有限公司
A26: 101597 | B26: 黑胡椒酱 | C26: 冷凍 | E26: 1kg*10pc | F26: 箱 | G26: 嘉兴铃吉食品有限公司 | H26: 嘉兴铃吉食品有限公司 | I26: 由仓库 | J26: 096莲花广场 | K26: =VLOOKUP($A26,订货1!$A26:$A267,1,0) -> 101597 | L26: =VLOOKUP($A26,订货1!$A26:$G267,7,0) -> 嘉兴铃吉食品有限公司 | M26: =VLOOKUP($A26,订货1!$A26:$B267,2,0) -> 黑胡椒酱 | N26: =$N$4 -> 45978 | O26: =VLOOKUP($A26,订货1!$A26:$C267,3,0) -> 冷凍 | P26: =VLOOKUP($A26,订货1!$A26:$E267,5,0) -> 1kg*10pc | Q26: =VLOOKUP($A26,订货1!$A26:$F267,6,0) -> 箱 | R26: =IF(ROUNDUP(W26-Y26-X26,0)>=0,ROUNDUP((W26-Y26-X26),0),0) -> 0 | S26: 全店 | T26: =SUMIF(预估营业额3!$B$3:$B$39,">="&$H$2,预估营业额3!$E$3:$E$39)-SUMIF(预估营业额3!$B$3:$B$39,">"&N26,预估营业额3!$E$3:$E$39) -> 0 | U26: 0.078278981 | V26: 1.1 | W26: =T26*U26*V26 -> 0 | X26: 1 | Y26: =Z26+AA26 -> 0 | AG26: 1 | AM26: 1 | BG26: =VLOOKUP($A26,订货1!$A26:$I267,9,0) -> 由仓库 | BH26: =VLOOKUP($A26,订货1!$A26:$H267,8,0) -> 嘉兴铃吉食品有限公司
A27: 101769 | B27: 扁可颂面包 | C27: 常温 | E27: 20g*50pc | F27: 箱 | G27: 杭州洲际食品有限公司 | H27: 杭州洲际食品有限公司 | I27: 由仓库 | J27: 097苏州泉屋百货 | K27: =VLOOKUP($A27,订货1!$A27:$A268,1,0) -> 101769 | L27: =VLOOKUP($A27,订货1!$A27:$G268,7,0) -> 杭州洲际食品有限公司 | M27: =VLOOKUP($A27,订货1!$A27:$B268,2,0) -> 扁可颂面包 | N27: =$N$4 -> 45978 | O27: =VLOOKUP($A27,订货1!$A27:$C268,3,0) -> 常温 | P27: =VLOOKUP($A27,订货1!$A27:$E268,5,0) -> 20g*50pc | Q27: =VLOOKUP($A27,订货1!$A27:$F268,6,0) -> 箱 | R27: =IF(ROUNDUP(W27-Y27-X27,0)>=0,ROUNDUP((W27-Y27-X27),0),0) -> 0 | S27: 实验店 | T27: =SUMIF(预估营业额3!$B$3:$B$39,">="&$H$2,预估营业额3!$E$3:$E$39)-SUMIF(预估营业额3!$B$3:$B$39,">"&N27,预估营业额3!$E$3:$E$39) -> 0 | U27: 0 | V27: 1 | W27: =T27*U27*V27 -> 0 | X27: 0 | Y27: =Z27+AA27 -> 0 | BG27: =VLOOKUP($A27,订货1!$A27:$I268,9,0) -> 由仓库 | BH27: =VLOOKUP($A27,订货1!$A27:$H268,8,0) -> 杭州洲际食品有限公司
A28: 101508 | B28: 肉酱 | C28: 冷凍 | E28: 1kg*10pc | F28: 箱 | G28: 嘉兴铃吉食品有限公司 | H28: 嘉兴铃吉食品有限公司 | I28: 由仓库 | J28: 099苏州永旺店 | K28: =VLOOKUP($A28,订货1!$A28:$A269,1,0) -> 101508 | L28: =VLOOKUP($A28,订货1!$A28:$G269,7,0) -> 嘉兴铃吉食品有限公司 | M28: =VLOOKUP($A28,订货1!$A28:$B269,2,0) -> 肉酱 | N28: =$N$4 -> 45978 | O28: =VLOOKUP($A28,订货1!$A28:$C269,3,0) -> 冷凍 | P28: =VLOOKUP($A28,订货1!$A28:$E269,5,0) -> 1kg*10pc | Q28: =VLOOKUP($A28,订货1!$A28:$F269,6,0) -> 箱 | R28: =IF(ROUNDUP(W28-Y28-X28,0)>=0,ROUNDUP((W28-Y28-X28),0),0) -> 0 | S28: 2地域 | T28: =SUMIF(预估营业额3!$B$3:$B$39,">="&$H$2,预估营业额3!$E$3:$E$39)-SUMIF(预估营业额3!$B$3:$B$39,">"&N28,预估营业额3!$E$3:$E$39) -> 0 | U28: 0 | V28: 1.1 | W28: =T28*U28*V28 -> 0 | X28: 0 | Y28: =Z28+AA28 -> 0 | BG28: =VLOOKUP($A28,订货1!$A28:$I269,9,0) -> 由仓库 | BH28: =VLOOKUP($A28,订货1!$A28:$H269,8,0) -> 嘉兴铃吉食品有限公司
A29: 101347 | B29: 雪碧糖浆 | C29: 常温 | E29: 10L | F29: 箱 | G29: 上海申美饮料食品有限公司 | H29: 上海申美饮料食品有限公司 | I29: 由仓库 | J29: 101松江万达（松江） | K29: =VLOOKUP($A29,订货1!$A29:$A270,1,0) -> 101347 | L29: =VLOOKUP($A29,订货1!$A29:$G270,7,0) -> 上海申美饮料食品有限公司 | M29: =VLOOKUP($A29,订货1!$A29:$B270,2,0) -> 雪碧糖浆 | N29: =$N$4 -> 45978 | O29: =VLOOKUP($A29,订货1!$A29:$C270,3,0) -> 常温 | P29: =VLOOKUP($A29,订货1!$A29:$E270,5,0) -> 10L | Q29: =VLOOKUP($A29,订货1!$A29:$F270,6,0) -> 箱 | R29: =IF(ROUNDUP(W29-Y29-X29,0)>=0,ROUNDUP((W29-Y29-X29),0),0) -> 0 | S29: 其它 | T29: =SUMIF(预估营业额3!$B$3:$B$39,">="&$H$2,预估营业额3!$E$3:$E$39)-SUMIF(预估营业额3!$B$3:$B$39,">"&N29,预估营业额3!$E$3:$E$39) -> 0 | U29: 0.062902752 | V29: 1 | W29: =T29*U29*V29 -> 0 | X29: 1 | Y29: =Z29+AA29 -> 0 | AB29: 1 | AI29: 1 | BG29: =VLOOKUP($A29,订货1!$A29:$I270,9,0) -> 由仓库 | BH29: =VLOOKUP($A29,订货1!$A29:$H270,8,0) -> 上海申美饮料食品有限公司
A30: 101348 | B30: 飞想茶糖浆 | C30: 常温 | E30: 10L | F30: 箱 | G30: 上海申美饮料食品有限公司 | H30: 上海申美饮料食品有限公司 | I30: 由仓库 | J30: 102新紫茂广场 | K30: =VLOOKUP($A30,订货1!$A30:$A271,1,0) -> 101348 | L30: =VLOOKUP($A30,订货1!$A30:$G271,7,0) -> 上海申美饮料食品有限公司 | M30: =VLOOKUP($A30,订货1!$A30:$B271,2,0) -> 飞想茶糖浆 | N30: =$N$4 -> 45978 | O30: =VLOOKUP($A30,订货1!$A30:$C271,3,0) -> 常温 | P30: =VLOOKUP($A30,订货1!$A30:$E271,5,0) -> 10L | Q30: =VLOOKUP($A30,订货1!$A30:$F271,6,0) -> 箱 | R30: =IF(ROUNDUP(W30-Y30-X30,0)>=0,ROUNDUP((W30-Y30-X30),0),0) -> 0 | S30: 其它 | T30: =SUMIF(预估营业额3!$B$3:$B$39,">="&$H$2,预估营业额3!$E$3:$E$39)-SUMIF(预估营业额3!$B$3:$B$39,">"&N30,预估营业额3!$E$3:$E$39) -> 0 | U30: 0.047526524 | V30: 1 | W30: =T30*U30*V30 -> 0 | X30: 1 | Y30: =Z30+AA30 -> 0 | AB30: 1 | AL30: 1 | BG30: =VLOOKUP($A30,订货1!$A30:$I271,9,0) -> 由仓库 | BH30: =VLOOKUP($A30,订货1!$A30:$H271,8,0) -> 上海申美饮料食品有限公司
A31: 101355 | B31: 可乐糖浆 | C31: 常温 | E31: 20L | F31: 箱 | G31: 上海申美饮料食品有限公司 | H31: 上海申美饮料食品有限公司 | I31: 由仓库 | J31: 103嘉定同济广场 | K31: =VLOOKUP($A31,订货1!$A31:$A272,1,0) -> 101355 | L31: =VLOOKUP($A31,订货1!$A31:$G272,7,0) -> 上海申美饮料食品有限公司 | M31: =VLOOKUP($A31,订货1!$A31:$B272,2,0) -> 可乐糖浆 | N31: =$N$4 -> 45978 | O31: =VLOOKUP($A31,订货1!$A31:$C272,3,0) -> 常温 | P31: =VLOOKUP($A31,订货1!$A31:$E272,5,0) -> 20L | Q31: =VLOOKUP($A31,订货1!$A31:$F272,6,0) -> 箱 | R31: =IF(ROUNDUP(W31-Y31-X31,0)>=0,ROUNDUP((W31-Y31-X31),0),0) -> 0 | S31: 其它 | T31: =SUMIF(预估营业额3!$B$3:$B$39,">="&$H$2,预估营业额3!$E$3:$E$39)-SUMIF(预估营业额3!$B$3:$B$39,">"&N31,预估营业额3!$E$3:$E$39) -> 0 | U31: 0.068494108 | V31: 1 | W31: =T31*U31*V31 -> 0 | X31: 0 | Y31: =Z31+AA31 -> 0 | AE31: 1 | AO31: 1 | BG31: =VLOOKUP($A31,订货1!$A31:$I272,9,0) -> 由仓库 | BH31: =VLOOKUP($A31,订货1!$A31:$H272,8,0) -> 上海申美饮料食品有限公司
A32: 101356 | B32: 芬达糖浆 | C32: 常温 | E32: 10L | F32: 箱 | G32: 上海申美饮料食品有限公司 | H32: 上海申美饮料食品有限公司 | I32: 由仓库 | J32: 107苏州人民路店 | K32: =VLOOKUP($A32,订货1!$A32:$A273,1,0) -> 101356 | L32: =VLOOKUP($A32,订货1!$A32:$G273,7,0) -> 上海申美饮料食品有限公司 | M32: =VLOOKUP($A32,订货1!$A32:$B273,2,0) -> 芬达糖浆 | N32: =$N$4 -> 45978 | O32: =VLOOKUP($A32,订货1!$A32:$C273,3,0) -> 常温 | P32: =VLOOKUP($A32,订货1!$A32:$E273,5,0) -> 10L | Q32: =VLOOKUP($A32,订货1!$A32:$F273,6,0) -> 箱 | R32: =IF(ROUNDUP(W32-Y32-X32,0)>=0,ROUNDUP((W32-Y32-X32),0),0) -> 0 | S32: 其它 | T32: =SUMIF(预估营业额3!$B$3:$B$39,">="&$H$2,预估营业额3!$E$3:$E$39)-SUMIF(预估营业额3!$B$3:$B$39,">"&N32,预估营业额3!$E$3:$E$39) -> 0 | U32: 0.05311788 | V32: 1 | W32: =T32*U32*V32 -> 0 | X32: 1 | Y32: =Z32+AA32 -> 0 | AH32: 1 | BG32: =VLOOKUP($A32,订货1!$A32:$I273,9,0) -> 由仓库 | BH32: =VLOOKUP($A32,订货1!$A32:$H273,8,0) -> 上海申美饮料食品有限公司
A33: 101483 | B33: 柠檬+C糖浆 | C33: 常温 | E33: 10L | F33: 箱 | G33: 上海申美饮料食品有限公司 | H33: 上海申美饮料食品有限公司 | I33: 由仓库 | J33: 108近铁广场 | K33: =VLOOKUP($A33,订货1!$A33:$A274,1,0) -> 101483 | L33: =VLOOKUP($A33,订货1!$A33:$G274,7,0) -> 上海申美饮料食品有限公司 | M33: =VLOOKUP($A33,订货1!$A33:$B274,2,0) -> 柠檬+C糖浆 | N33: =$N$4 -> 45978 | O33: =VLOOKUP($A33,订货1!$A33:$C274,3,0) -> 常温 | P33: =VLOOKUP($A33,订货1!$A33:$E274,5,0) -> 10L | Q33: =VLOOKUP($A33,订货1!$A33:$F274,6,0) -> 箱 | R33: =IF(ROUNDUP(W33-Y33-X33,0)>=0,ROUNDUP((W33-Y33-X33),0),0) -> 0 | S33: 其它 | T33: =SUMIF(预估营业额3!$B$3:$B$39,">="&$H$2,预估营业额3!$E$3:$E$39)-SUMIF(预估营业额3!$B$3:$B$39,">"&N33,预估营业额3!$E$3:$E$39) -> 0 | U33: 0.044730846 | V33: 1 | W33: =T33*U33*V33 -> 0 | X33: 1 | Y33: =Z33+AA33 -> 0 | AF33: 1 | AJ33: 1 | BG33: =VLOOKUP($A33,订货1!$A33:$I274,9,0) -> 由仓库 | BH33: =VLOOKUP($A33,订货1!$A33:$H274,8,0) -> 上海申美饮料食品有限公司
A34: 700000 | B34: 申美碳酸 | C34: 常温 | E34: 10L | F34: 桶 | G34: 上海申美饮料食品有限公司 | H34: 上海申美饮料食品有限公司 | I34: 由厂商 | J34: 109青浦吾悦广场 | K34: =VLOOKUP($A34,订货1!$A34:$A275,1,0) -> 700000 | L34: =VLOOKUP($A34,订货1!$A34:$G275,7,0) -> 上海申美饮料食品有限公司 | M34: =VLOOKUP($A34,订货1!$A34:$B275,2,0) -> 申美碳酸 | O34: =VLOOKUP($A34,订货1!$A34:$C275,3,0) -> 常温 | P34: =VLOOKUP($A34,订货1!$A34:$E275,5,0) -> 10L | Q34: =VLOOKUP($A34,订货1!$A34:$F275,6,0) -> 桶 | R34: =IF(ROUNDUP(W34-Y34-X34,0)>=0,ROUNDUP((W34-Y34-X34),0),0) -> 0 | S34: 其它 | T34: =SUMIF(预估营业额3!$B$3:$B$39,">="&$H$2,预估营业额3!$E$3:$E$39)-SUMIF(预估营业额3!$B$3:$B$39,">"&N34,预估营业额3!$E$3:$E$39) -> 38.3 | U34: 0.013978389 | V34: 1 | W34: =T34*U34*V34 -> 0.53537231 | X34: 2 | Y34: =Z34+AA34 -> 0 | BG34: =VLOOKUP($A34,订货1!$A34:$I275,9,0) -> 由厂商 | BH34: =VLOOKUP($A34,订货1!$A34:$H275,8,0) -> 上海申美饮料食品有限公司
A35: 730003 | B35: 樱桃番茄 | C35: 冷蔵 | E35: 0.5kg | F35: 袋 | G35: 赛沛弗科技发展（浙江）有限公司 | H35: 上海亚太国际蔬菜有限公司 | I35: 由厂商 | J35: 110无锡T12 | K35: =VLOOKUP($A35,订货1!$A35:$A276,1,0) -> 730003 | L35: =VLOOKUP($A35,订货1!$A35:$G276,7,0) -> 赛沛弗科技发展（浙江）有限公司 | M35: =VLOOKUP($A35,订货1!$A35:$B276,2,0) -> 樱桃番茄 | O35: =VLOOKUP($A35,订货1!$A35:$C276,3,0) -> 冷蔵 | P35: =VLOOKUP($A35,订货1!$A35:$E276,5,0) -> 0.5kg | Q35: =VLOOKUP($A35,订货1!$A35:$F276,6,0) -> 袋 | R35: =IF(ROUNDUP(W35-Y35-X35,0)>=0,ROUNDUP((W35-Y35-X35),0),0) -> 0 | S35: 其它 | T35: =SUMIF(预估营业额3!$B$3:$B$39,">="&$H$2,预估营业额3!$E$3:$E$39)-SUMIF(预估营业额3!$B$3:$B$39,">"&N35,预估营业额3!$E$3:$E$39) -> 38.3 | U35: 0 | V35: 1 | W35: =T35*U35*V35 -> 0 | X35: 0 | Y35: =Z35+AA35 -> 0 | BG35: =VLOOKUP($A35,订货1!$A35:$I276,9,0) -> 由厂商 | BH35: =VLOOKUP($A35,订货1!$A35:$H276,8,0) -> 上海亚太国际蔬菜有限公司
A36: 730004 | B36: 彩椒丝 | C36: 冷蔵 | E36: 0.2kg | F36: 袋 | G36: 赛沛弗科技发展（浙江）有限公司 | H36: 上海亚太国际蔬菜有限公司 | I36: 由厂商 | J36: 111家乐福高青路店 | K36: =VLOOKUP($A36,订货1!$A36:$A277,1,0) -> 730004 | L36: =VLOOKUP($A36,订货1!$A36:$G277,7,0) -> 赛沛弗科技发展（浙江）有限公司 | M36: =VLOOKUP($A36,订货1!$A36:$B277,2,0) -> 彩椒丝 | N36: =$N$35 -> 0 | O36: =VLOOKUP($A36,订货1!$A36:$C277,3,0) -> 冷蔵 | P36: =VLOOKUP($A36,订货1!$A36:$E277,5,0) -> 0.2kg | Q36: =VLOOKUP($A36,订货1!$A36:$F277,6,0) -> 袋 | R36: =IF(ROUNDUP(W36-Y36-X36,0)>=0,ROUNDUP((W36-Y36-X36),0),0) -> 0 | S36: 实验店 | T36: =SUMIF(预估营业额3!$B$3:$B$39,">="&$H$2,预估营业额3!$E$3:$E$39)-SUMIF(预估营业额3!$B$3:$B$39,">"&N36,预估营业额3!$E$3:$E$39) -> -39.438 | U36: 0 | V36: 1 | W36: =T36*U36*V36 -> 0 | X36: 0 | Y36: =Z36+AA36 -> 0 | BG36: =VLOOKUP($A36,订货1!$A36:$I277,9,0) -> 由厂商 | BH36: =VLOOKUP($A36,订货1!$A36:$H277,8,0) -> 上海亚太国际蔬菜有限公司
A37: 730005 | B37: 蔬菜底料 | C37: 冷蔵 | E37: 1kg | F37: 袋 | G37: 赛沛弗科技发展（浙江）有限公司 | H37: 上海盛科果蔬专业合作社 | I37: 由厂商 | J37: 112苏州观前街食百家美食广场 | K37: =VLOOKUP($A37,订货1!$A37:$A278,1,0) -> 730005 | L37: =VLOOKUP($A37,订货1!$A37:$G278,7,0) -> 赛沛弗科技发展（浙江）有限公司 | M37: =VLOOKUP($A37,订货1!$A37:$B278,2,0) -> 蔬菜底料 | N37: =$N$35 -> 0 | O37: =VLOOKUP($A37,订货1!$A37:$C278,3,0) -> 冷蔵 | P37: =VLOOKUP($A37,订货1!$A37:$E278,5,0) -> 1kg | Q37: =VLOOKUP($A37,订货1!$A37:$F278,6,0) -> 袋 | R37: =IF(ROUNDUP(W37-Y37-X37,0)>=0,ROUNDUP((W37-Y37-X37),0),0) -> 0 | S37: 其它 | T37: =SUMIF(预估营业额3!$B$3:$B$39,">="&$H$2,预估营业额3!$E$3:$E$39)-SUMIF(预估营业额3!$B$3:$B$39,">"&N37,预估营业额3!$E$3:$E$39) -> -39.438 | U37: 0 | V37: 1 | W37: =T37*U37*V37 -> 0 | X37: 0 | Y37: =Z37+AA37 -> 0 | BG37: =VLOOKUP($A37,订货1!$A37:$I278,9,0) -> 由厂商 | BH37: =VLOOKUP($A37,订货1!$A37:$H278,8,0) -> 上海盛科果蔬专业合作社
A38: 730006 | B38: 脆爽沙拉 | C38: 冷蔵 | E38: 1kg | F38: 袋 | G38: 赛沛弗科技发展（浙江）有限公司 | H38: 上海亚太国际蔬菜有限公司 | I38: 由厂商 | J38: 113上蔬永辉 | K38: =VLOOKUP($A38,订货1!$A38:$A279,1,0) -> 730006 | L38: =VLOOKUP($A38,订货1!$A38:$G279,7,0) -> 赛沛弗科技发展（浙江）有限公司 | M38: =VLOOKUP($A38,订货1!$A38:$B279,2,0) -> 脆爽沙拉 | N38: =$N$35 -> 0 | O38: =VLOOKUP($A38,订货1!$A38:$C279,3,0) -> 冷蔵 | P38: =VLOOKUP($A38,订货1!$A38:$E279,5,0) -> 1kg | Q38: =VLOOKUP($A38,订货1!$A38:$F279,6,0) -> 袋 | R38: =IF(ROUNDUP(W38-Y38-X38,0)>=0,ROUNDUP((W38-Y38-X38),0),0) -> 0 | S38: 其它 | T38: =SUMIF(预估营业额3!$B$3:$B$39,">="&$H$2,预估营业额3!$E$3:$E$39)-SUMIF(预估营业额3!$B$3:$B$39,">"&N38,预估营业额3!$E$3:$E$39) -> -39.438 | U38: 0 | V38: 1 | W38: =T38*U38*V38 -> 0 | Y38: =Z38+AA38 -> 0 | BG38: =VLOOKUP($A38,订货1!$A38:$I279,9,0) -> 由厂商 | BH38: =VLOOKUP($A38,订货1!$A38:$H279,8,0) -> 上海亚太国际蔬菜有限公司
A39: 730018 | B39: 小青菜 | C39: 冷蔵 | E39: 0.5kg | F39: 袋 | G39: 赛沛弗科技发展（浙江）有限公司 | H39: 上海亚太国际蔬菜有限公司 | I39: 由厂商 | J39: 114鑫都广场 | K39: =VLOOKUP($A39,订货1!$A39:$A280,1,0) -> 730018 | L39: =VLOOKUP($A39,订货1!$A39:$G280,7,0) -> 赛沛弗科技发展（浙江）有限公司 | M39: =VLOOKUP($A39,订货1!$A39:$B280,2,0) -> 小青菜 | N39: =$N$35 -> 0 | O39: =VLOOKUP($A39,订货1!$A39:$C280,3,0) -> 冷蔵 | P39: =VLOOKUP($A39,订货1!$A39:$E280,5,0) -> 0.5kg | Q39: =VLOOKUP($A39,订货1!$A39:$F280,6,0) -> 袋 | R39: =IF(ROUNDUP(W39-Y39-X39,0)>=0,ROUNDUP((W39-Y39-X39),0),0) -> 0 | S39: 其它 | T39: =SUMIF(预估营业额3!$B$3:$B$39,">="&$H$2,预估营业额3!$E$3:$E$39)-SUMIF(预估营业额3!$B$3:$B$39,">"&N39,预估营业额3!$E$3:$E$39) -> -39.438 | U39: 0 | V39: 1 | W39: =T39*U39*V39 -> 0 | Y39: =Z39+AA39 -> 0 | BG39: =VLOOKUP($A39,订货1!$A39:$I280,9,0) -> 由厂商 | BH39: =VLOOKUP($A39,订货1!$A39:$H280,8,0) -> 上海亚太国际蔬菜有限公司
A40: 730008 | B40: 猕猴桃 | C40: 冷蔵 | E40: 0.08kg | F40: 个 | G40: 赛沛弗科技发展（浙江）有限公司 | H40: 上海盛科果蔬专业合作社 | I40: 由厂商 | J40: 115殷高西路店 | K40: =VLOOKUP($A40,订货1!$A40:$A281,1,0) -> 730008 | L40: =VLOOKUP($A40,订货1!$A40:$G281,7,0) -> 赛沛弗科技发展（浙江）有限公司 | M40: =VLOOKUP($A40,订货1!$A40:$B281,2,0) -> 猕猴桃 | N40: =$N$35 -> 0 | O40: =VLOOKUP($A40,订货1!$A40:$C281,3,0) -> 冷蔵 | P40: =VLOOKUP($A40,订货1!$A40:$E281,5,0) -> 0.08kg | Q40: =VLOOKUP($A40,订货1!$A40:$F281,6,0) -> 个 | R40: =IF(ROUNDUP(W40-Y40-X40,0)>=0,ROUNDUP((W40-Y40-X40),0),0) -> 0 | S40: 其它 | T40: =SUMIF(预估营业额3!$B$3:$B$39,">="&$H$2,预估营业额3!$E$3:$E$39)-SUMIF(预估营业额3!$B$3:$B$39,">"&N40,预估营业额3!$E$3:$E$39) -> -39.438 | U40: 0 | V40: 1 | W40: =T40*U40*V40 -> 0 | Y40: =Z40+AA40 -> 0 | BG40: =VLOOKUP($A40,订货1!$A40:$I281,9,0) -> 由厂商 | BH40: =VLOOKUP($A40,订货1!$A40:$H281,8,0) -> 上海盛科果蔬专业合作社
A41: 730009 | B41: 大蒜 | C41: 冷蔵 | E41: 0.5kg | F41: 袋 | G41: 赛沛弗科技发展（浙江）有限公司 | H41: 上海亚太国际蔬菜有限公司 | I41: 由厂商 | J41: 116人民西路店 | K41: =VLOOKUP($A41,订货1!$A41:$A282,1,0) -> 730009 | L41: =VLOOKUP($A41,订货1!$A41:$G282,7,0) -> 赛沛弗科技发展（浙江）有限公司 | M41: =VLOOKUP($A41,订货1!$A41:$B282,2,0) -> 大蒜 | N41: =$N$35 -> 0 | O41: =VLOOKUP($A41,订货1!$A41:$C282,3,0) -> 冷蔵 | P41: =VLOOKUP($A41,订货1!$A41:$E282,5,0) -> 0.5kg | Q41: =VLOOKUP($A41,订货1!$A41:$F282,6,0) -> 袋 | R41: =IF(ROUNDUP(W41-Y41-X41,0)>=0,ROUNDUP((W41-Y41-X41),0),0) -> 0 | S41: 实验店 | T41: =SUMIF(预估营业额3!$B$3:$B$39,">="&$H$2,预估营业额3!$E$3:$E$39)-SUMIF(预估营业额3!$B$3:$B$39,">"&N41,预估营业额3!$E$3:$E$39) -> -39.438 | U41: 0 | V41: 1 | W41: =T41*U41*V41 -> 0 | Y41: =Z41+AA41 -> 0 | BG41: =VLOOKUP($A41,订货1!$A41:$I282,9,0) -> 由厂商 | BH41: =VLOOKUP($A41,订货1!$A41:$H282,8,0) -> 上海亚太国际蔬菜有限公司
A42: 730010 | B42: 番茄 | C42: 冷蔵 | E42: 0.5kg | F42: 袋 | G42: 赛沛弗科技发展（浙江）有限公司 | H42: 上海亚太国际蔬菜有限公司 | I42: 由厂商 | J42: 117钦州北路店 | K42: =VLOOKUP($A42,订货1!$A42:$A283,1,0) -> 730010 | L42: =VLOOKUP($A42,订货1!$A42:$G283,7,0) -> 赛沛弗科技发展（浙江）有限公司 | M42: =VLOOKUP($A42,订货1!$A42:$B283,2,0) -> 番茄 | N42: =$N$35 -> 0 | O42: =VLOOKUP($A42,订货1!$A42:$C283,3,0) -> 冷蔵 | P42: =VLOOKUP($A42,订货1!$A42:$E283,5,0) -> 0.5kg | Q42: =VLOOKUP($A42,订货1!$A42:$F283,6,0) -> 袋 | R42: =IF(ROUNDUP(W42-Y42-X42,0)>=0,ROUNDUP((W42-Y42-X42),0),0) -> 0 | S42: 实验店 | T42: =SUMIF(预估营业额3!$B$3:$B$39,">="&$H$2,预估营业额3!$E$3:$E$39)-SUMIF(预估营业额3!$B$3:$B$39,">"&N42,预估营业额3!$E$3:$E$39) -> -39.438 | U42: 0 | V42: 1 | W42: =T42*U42*V42 -> 0 | Y42: =Z42+AA42 -> 0 | BG42: =VLOOKUP($A42,订货1!$A42:$I283,9,0) -> 由厂商 | BH42: =VLOOKUP($A42,订货1!$A42:$H283,8,0) -> 上海亚太国际蔬菜有限公司
A43: 730011 | B43: 芝麻菜 | C43: 冷蔵 | E43: 0.2kg | F43: 袋 | G43: 赛沛弗科技发展（浙江）有限公司 | H43: 上海亚太国际蔬菜有限公司 | I43: 由厂商 | J43: 118乐虹坊店 | K43: =VLOOKUP($A43,订货1!$A43:$A284,1,0) -> 730011 | L43: =VLOOKUP($A43,订货1!$A43:$G284,7,0) -> 赛沛弗科技发展（浙江）有限公司 | M43: =VLOOKUP($A43,订货1!$A43:$B284,2,0) -> 芝麻菜 | N43: =$N$35 -> 0 | O43: =VLOOKUP($A43,订货1!$A43:$C284,3,0) -> 冷蔵 | P43: =VLOOKUP($A43,订货1!$A43:$E284,5,0) -> 0.2kg | Q43: =VLOOKUP($A43,订货1!$A43:$F284,6,0) -> 袋 | R43: =IF(ROUNDUP(W43-Y43-X43,0)>=0,ROUNDUP((W43-Y43-X43),0),0) -> 0 | S43: 全店 | T43: =SUMIF(预估营业额3!$B$3:$B$39,">="&$H$2,预估营业额3!$E$3:$E$39)-SUMIF(预估营业额3!$B$3:$B$39,">"&N43,预估营业额3!$E$3:$E$39) -> -39.438 | U43: 0 | V43: 1 | W43: =T43*U43*V43 -> 0 | X43: 0 | Y43: =Z43+AA43 -> 0 | BG43: =VLOOKUP($A43,订货1!$A43:$I284,9,0) -> 由厂商 | BH43: =VLOOKUP($A43,订货1!$A43:$H284,8,0) -> 上海亚太国际蔬菜有限公司
A44: 730012 | B44: 柠檬 | C44: 冷蔵 | E44: 0.08kg | F44: 袋 | G44: 赛沛弗科技发展（浙江）有限公司 | H44: 上海亚太国际蔬菜有限公司 | I44: 由厂商 | J44: 119苏州永旺园区店 | K44: =VLOOKUP($A44,订货1!$A44:$A285,1,0) -> 730012 | L44: =VLOOKUP($A44,订货1!$A44:$G285,7,0) -> 赛沛弗科技发展（浙江）有限公司 | M44: =VLOOKUP($A44,订货1!$A44:$B285,2,0) -> 柠檬 | N44: =$N$35 -> 0 | O44: =VLOOKUP($A44,订货1!$A44:$C285,3,0) -> 冷蔵 | P44: =VLOOKUP($A44,订货1!$A44:$E285,5,0) -> 0.08kg | Q44: =VLOOKUP($A44,订货1!$A44:$F285,6,0) -> 袋 | R44: =IF(ROUNDUP(W44-Y44-X44,0)>=0,ROUNDUP((W44-Y44-X44),0),0) -> 0 | S44: 实验店 | T44: =SUMIF(预估营业额3!$B$3:$B$39,">="&$H$2,预估营业额3!$E$3:$E$39)-SUMIF(预估营业额3!$B$3:$B$39,">"&N44,预估营业额3!$E$3:$E$39) -> -39.438 | U44: 0 | V44: 1 | W44: =T44*U44*V44 -> 0 | Y44: =Z44+AA44 -> 0 | BG44: =VLOOKUP($A44,订货1!$A44:$I285,9,0) -> 由厂商 | BH44: =VLOOKUP($A44,订货1!$A44:$H285,8,0) -> 上海亚太国际蔬菜有限公司
A45: 730013 | B45: 火龙果 | C45: 冷蔵 | E45: 0.6kg | F45: 个 | G45: 赛沛弗科技发展（浙江）有限公司 | H45: 上海盛科果蔬专业合作社 | I45: 由厂商 | J45: 120金鼎路店 | K45: =VLOOKUP($A45,订货1!$A45:$A286,1,0) -> 730013 | L45: =VLOOKUP($A45,订货1!$A45:$G286,7,0) -> 赛沛弗科技发展（浙江）有限公司 | M45: =VLOOKUP($A45,订货1!$A45:$B286,2,0) -> 火龙果 | N45: =$N$35 -> 0 | O45: =VLOOKUP($A45,订货1!$A45:$C286,3,0) -> 冷蔵 | P45: =VLOOKUP($A45,订货1!$A45:$E286,5,0) -> 0.6kg | Q45: =VLOOKUP($A45,订货1!$A45:$F286,6,0) -> 个 | R45: =IF(ROUNDUP(W45-Y45-X45,0)>=0,ROUNDUP((W45-Y45-X45),0),0) -> 0 | S45: 其它 | T45: =SUMIF(预估营业额3!$B$3:$B$39,">="&$H$2,预估营业额3!$E$3:$E$39)-SUMIF(预估营业额3!$B$3:$B$39,">"&N45,预估营业额3!$E$3:$E$39) -> -39.438 | U45: 0 | V45: 1.1 | W45: =T45*U45*V45 -> 0 | Y45: =Z45+AA45 -> 0 | BG45: =VLOOKUP($A45,订货1!$A45:$I286,9,0) -> 由厂商 | BH45: =VLOOKUP($A45,订货1!$A45:$H286,8,0) -> 上海盛科果蔬专业合作社
A46: 730014 | B46: 牛肚配菜(实验店铺用） | C46: 冷蔵 | E46: 0.1kg | F46: 袋 | G46: 赛沛弗科技发展（浙江）有限公司 | H46: 上海亚太国际蔬菜有限公司 | I46: 由厂商 | J46: 121苏州宝带西路店 | K46: =VLOOKUP($A46,订货1!$A46:$A287,1,0) -> 730014 | L46: =VLOOKUP($A46,订货1!$A46:$G287,7,0) -> 赛沛弗科技发展（浙江）有限公司 | M46: =VLOOKUP($A46,订货1!$A46:$B287,2,0) -> 牛肚配菜(实验店铺用） | N46: =$N$35 -> 0 | O46: =VLOOKUP($A46,订货1!$A46:$C287,3,0) -> 冷蔵 | P46: =VLOOKUP($A46,订货1!$A46:$E287,5,0) -> 0.1kg | Q46: =VLOOKUP($A46,订货1!$A46:$F287,6,0) -> 袋 | R46: =IF(ROUNDUP(W46-Y46-X46,0)>=0,ROUNDUP((W46-Y46-X46),0),0) -> 0 | S46: 实验店 | T46: =SUMIF(预估营业额3!$B$3:$B$39,">="&$H$2,预估营业额3!$E$3:$E$39)-SUMIF(预估营业额3!$B$3:$B$39,">"&N46,预估营业额3!$E$3:$E$39) -> -39.438 | U46: 0 | V46: 1 | W46: =T46*U46*V46 -> 0 | Y46: =Z46+AA46 -> 0 | BG46: =VLOOKUP($A46,订货1!$A46:$I287,9,0) -> 由厂商 | BH46: =VLOOKUP($A46,订货1!$A46:$H287,8,0) -> 上海亚太国际蔬菜有限公司
A47: 730017 | B47: 柏林沙拉（新） | C47: 冷蔵 | E47: 0.6kg | F47: 袋 | G47: 赛沛弗科技发展（浙江）有限公司 | H47: 上海亚太国际蔬菜有限公司 | I47: 由厂商 | J47: 122云台路店 | K47: =VLOOKUP($A47,订货1!$A47:$A288,1,0) -> 730017 | L47: =VLOOKUP($A47,订货1!$A47:$G288,7,0) -> 赛沛弗科技发展（浙江）有限公司 | M47: =VLOOKUP($A47,订货1!$A47:$B288,2,0) -> 柏林沙拉（新） | N47: =$N$35 -> 0 | O47: =VLOOKUP($A47,订货1!$A47:$C288,3,0) -> 冷蔵 | P47: =VLOOKUP($A47,订货1!$A47:$E288,5,0) -> 0.6kg | Q47: =VLOOKUP($A47,订货1!$A47:$F288,6,0) -> 袋 | R47: =IF(ROUNDUP(W47-Y47-X47,0)>=0,ROUNDUP((W47-Y47-X47),0),0) -> 0 | S47: 其它 | T47: =SUMIF(预估营业额3!$B$3:$B$39,">="&$H$2,预估营业额3!$E$3:$E$39)-SUMIF(预估营业额3!$B$3:$B$39,">"&N47,预估营业额3!$E$3:$E$39) -> -39.438 | U47: 0 | V47: 1 | W47: =T47*U47*V47 -> 0 | X47: 0 | Y47: =Z47+AA47 -> 0 | BG47: =VLOOKUP($A47,订货1!$A47:$I288,9,0) -> 由厂商 | BH47: =VLOOKUP($A47,订货1!$A47:$H288,8,0) -> 上海亚太国际蔬菜有限公司
A48: 730016 | B48: 盒色拉 | C48: 冷蔵 | E48: 0.095kg | F48: 盒 | G48: 上海亚太国际蔬菜有限公司 | H48: 上海亚太国际蔬菜有限公司 | I48: 由厂商 | J48: 123罗芬路店 | K48: =VLOOKUP($A48,订货1!$A48:$A289,1,0) -> 730016 | L48: =VLOOKUP($A48,订货1!$A48:$G289,7,0) -> 上海亚太国际蔬菜有限公司 | M48: =VLOOKUP($A48,订货1!$A48:$B289,2,0) -> 盒色拉 | N48: =$N$35 -> 0 | O48: =VLOOKUP($A48,订货1!$A48:$C289,3,0) -> 冷蔵 | P48: =VLOOKUP($A48,订货1!$A48:$E289,5,0) -> 0.095kg | Q48: =VLOOKUP($A48,订货1!$A48:$F289,6,0) -> 盒 | R48: =IF(ROUNDUP(W48-Y48-X48,0)>=0,ROUNDUP((W48-Y48-X48),0),0) -> 0 | S48: 实验店 | T48: =SUMIF(预估营业额3!$B$3:$B$39,">="&$H$2,预估营业额3!$E$3:$E$39)-SUMIF(预估营业额3!$B$3:$B$39,">"&N48,预估营业额3!$E$3:$E$39) -> -39.438 | U48: 0 | V48: 1 | W48: =T48*U48*V48 -> 0 | Y48: =Z48+AA48 -> 0 | BG48: =VLOOKUP($A48,订货1!$A48:$I289,9,0) -> 由厂商 | BH48: =VLOOKUP($A48,订货1!$A48:$H289,8,0) -> 上海亚太国际蔬菜有限公司
A49: 101135 | B49: 披萨专用面团 | C49: 冷凍 | E49: 210g*80 | F49: 箱 | G49: 娜米克食品（昆山）有限公司 | H49: 娜米克食品（昆山）有限公司 | I49: 由仓库 | J49: 124胜竹路店 | K49: =VLOOKUP($A49,订货1!$A49:$A290,1,0) -> 101135 | L49: =VLOOKUP($A49,订货1!$A49:$G290,7,0) -> 娜米克食品（昆山）有限公司 | M49: =VLOOKUP($A49,订货1!$A49:$B290,2,0) -> 披萨专用面团 | N49: =$N$4 -> 45978 | O49: =VLOOKUP($A49,订货1!$A49:$C290,3,0) -> 冷凍 | P49: =VLOOKUP($A49,订货1!$A49:$E290,5,0) -> 210g*80 | Q49: =VLOOKUP($A49,订货1!$A49:$F290,6,0) -> 箱 | R49: =IF(ROUNDUP(W49-Y49-X49,0)>=0,ROUNDUP((W49-Y49-X49),0),0) -> 0 | S49: 全店 | T49: =SUMIF(预估营业额3!$B$3:$B$39,">="&$H$2,预估营业额3!$E$3:$E$39)-SUMIF(预估营业额3!$B$3:$B$39,">"&N49,预估营业额3!$E$3:$E$39) -> 0 | U49: 0 | V49: 1.3 | W49: =T49*U49*V49 -> 0 | Y49: =Z49+AA49 -> 0 | BG49: =VLOOKUP($A49,订货1!$A49:$I290,9,0) -> 由仓库 | BH49: =VLOOKUP($A49,订货1!$A49:$H290,8,0) -> 娜米克食品（昆山）有限公司
A50: 101543 | B50: 9寸实验饼底 | C50: 冷凍 | E50: 160g*60 | F50: 箱 | G50: 娜米克食品（昆山）有限公司 | H50: 娜米克食品（昆山）有限公司 | I50: 由仓库 | J50: 125苏州长江路店 | K50: =VLOOKUP($A50,订货1!$A50:$A291,1,0) -> 101543 | L50: =VLOOKUP($A50,订货1!$A50:$G291,7,0) -> 娜米克食品（昆山）有限公司 | M50: =VLOOKUP($A50,订货1!$A50:$B291,2,0) -> 9寸实验饼底 | N50: =$N$4 -> 45978 | O50: =VLOOKUP($A50,订货1!$A50:$C291,3,0) -> 冷凍 | P50: =VLOOKUP($A50,订货1!$A50:$E291,5,0) -> 160g*60 | Q50: =VLOOKUP($A50,订货1!$A50:$F291,6,0) -> 箱 | R50: =IF(ROUNDUP(W50-Y50-X50,0)>=0,ROUNDUP((W50-Y50-X50),0),0) -> 0 | S50: 全店 | T50: =SUMIF(预估营业额3!$B$3:$B$39,">="&$H$2,预估营业额3!$E$3:$E$39)-SUMIF(预估营业额3!$B$3:$B$39,">"&N50,预估营业额3!$E$3:$E$39) -> 0 | V50: 1.3 | W50: =T50*U50*V50 -> 0 | X50: 0 | Y50: =Z50+AA50 -> 0 | BG50: =VLOOKUP($A50,订货1!$A50:$I291,9,0) -> 由仓库 | BH50: =VLOOKUP($A50,订货1!$A50:$H291,8,0) -> 娜米克食品（昆山）有限公司
A51: 101746 | B51: 稀奶油 | C51: 冷蔵 | E51: 1L*12 | F51: 箱 | G51: 上海妙可蓝多食品科技股份有限公司 | H51: 妙可蓝多（天津）食品科技有限公司 | I51: 由仓库 | J51: 126川沙路店 | K51: =VLOOKUP($A51,订货1!$A51:$A292,1,0) -> 101746 | L51: =VLOOKUP($A51,订货1!$A51:$G292,7,0) -> 上海妙可蓝多食品科技股份有限公司 | M51: =VLOOKUP($A51,订货1!$A51:$B292,2,0) -> 稀奶油 | N51: =$N$4 -> 45978 | O51: =VLOOKUP($A51,订货1!$A51:$C292,3,0) -> 冷蔵 | P51: =VLOOKUP($A51,订货1!$A51:$E292,5,0) -> 1L*12 | Q51: =VLOOKUP($A51,订货1!$A51:$F292,6,0) -> 箱 | R51: =IF(ROUNDUP(W51-Y51-X51,0)>=0,ROUNDUP((W51-Y51-X51),0),0) -> 0 | S51: 全店 | T51: =SUMIF(预估营业额3!$B$3:$B$39,">="&$H$2,预估营业额3!$E$3:$E$39)-SUMIF(预估营业额3!$B$3:$B$39,">"&N51,预估营业额3!$E$3:$E$39) -> 0 | U51: 0.053086201 | V51: 1.1 | W51: =T51*U51*V51 -> 0 | X51: 1.0833333 | Y51: =Z51+AA51 -> 0 | AG51: 1 | BG51: =VLOOKUP($A51,订货1!$A51:$I292,9,0) -> 由仓库 | BH51: =VLOOKUP($A51,订货1!$A51:$H292,8,0) -> 妙可蓝多（天津）食品科技有限公司
A52: 101702 | B52: 茄汁千层面 | C52: 冷凍 | E52: 0.1kg*64pc | F52: 箱 | G52: 日冷食品贸易（上海）有限公司 | H52: 锦州新和盛食品有限公司 | I52: 由仓库 | J52: 127武夷路店 | K52: =VLOOKUP($A52,订货1!$A52:$A293,1,0) -> 101702 | L52: =VLOOKUP($A52,订货1!$A52:$G293,7,0) -> 日冷食品贸易（上海）有限公司 | M52: =VLOOKUP($A52,订货1!$A52:$B293,2,0) -> 茄汁千层面 | N52: =$N$4 -> 45978 | O52: =VLOOKUP($A52,订货1!$A52:$C293,3,0) -> 冷凍 | P52: =VLOOKUP($A52,订货1!$A52:$E293,5,0) -> 0.1kg*64pc | Q52: =VLOOKUP($A52,订货1!$A52:$F293,6,0) -> 箱 | R52: =IF(ROUNDUP(W52-Y52-X52,0)>=0,ROUNDUP((W52-Y52-X52),0),0) -> 0 | S52: 全店 | T52: =SUMIF(预估营业额3!$B$3:$B$39,">="&$H$2,预估营业额3!$E$3:$E$39)-SUMIF(预估营业额3!$B$3:$B$39,">"&N52,预估营业额3!$E$3:$E$39) -> 0 | U52: 0.028830428 | V52: 1 | W52: =T52*U52*V52 -> 0 | X52: 0 | Y52: =Z52+AA52 -> 0 | BG52: =VLOOKUP($A52,订货1!$A52:$I293,9,0) -> 由仓库 | BH52: =VLOOKUP($A52,订货1!$A52:$H293,8,0) -> 锦州新和盛食品有限公司
A53: 101595 | B53: 罗勒松子酱 | C53: 冷凍 | E53: 1kg*10pc | F53: 箱 | G53: 嘉兴铃吉食品有限公司 | H53: 嘉兴铃吉食品有限公司 | I53: 由仓库 | J53: 128南中路店 | K53: =VLOOKUP($A53,订货1!$A53:$A296,1,0) -> 101595 | L53: =VLOOKUP($A53,订货1!$A53:$G296,7,0) -> 嘉兴铃吉食品有限公司 | M53: =VLOOKUP($A53,订货1!$A53:$B296,2,0) -> 罗勒松子酱 | N53: =$N$4 -> 45978 | O53: =VLOOKUP($A53,订货1!$A53:$C296,3,0) -> 冷凍 | P53: =VLOOKUP($A53,订货1!$A53:$E296,5,0) -> 1kg*10pc | Q53: =VLOOKUP($A53,订货1!$A53:$F296,6,0) -> 箱 | R53: =IF(ROUNDUP(W53-Y53-X53,0)>=0,ROUNDUP((W53-Y53-X53),0),0) -> 0 | S53: 全店 | T53: =SUMIF(预估营业额3!$B$3:$B$39,">="&$H$2,预估营业额3!$E$3:$E$39)-SUMIF(预估营业额3!$B$3:$B$39,">"&N53,预估营业额3!$E$3:$E$39) -> 0 | U53: 0.021107368 | V53: 1 | W53: =T53*U53*V53 -> 0 | X53: 0.6 | Y53: =Z53+AA53 -> 0 | AG53: 1 | BG53: =VLOOKUP($A53,订货1!$A53:$I296,9,0) -> 由仓库 | BH53: =VLOOKUP($A53,订货1!$A53:$H296,8,0) -> 嘉兴铃吉食品有限公司
A54: 101700 | B54: 白砂糖 | C54: 常温 | E54: 1kg*20pc | F54: 箱 | G54: 上海潜深实业有限公司 | H54: 大丰英茂糖业有限公司 | I54: 由仓库 | J54: 129荣乐西路店（松江） | K54: =VLOOKUP($A54,订货1!$A54:$A295,1,0) -> 101700 | L54: =VLOOKUP($A54,订货1!$A54:$G295,7,0) -> 上海潜深实业有限公司 | M54: =VLOOKUP($A54,订货1!$A54:$B295,2,0) -> 白砂糖 | N54: =$N$4 -> 45978 | O54: =VLOOKUP($A54,订货1!$A54:$C295,3,0) -> 常温 | P54: =VLOOKUP($A54,订货1!$A54:$E295,5,0) -> 1kg*20pc | Q54: =VLOOKUP($A54,订货1!$A54:$F295,6,0) -> 箱 | R54: =IF(ROUNDUP(W54-Y54-X54,0)>=0,ROUNDUP((W54-Y54-X54),0),0) -> 0 | S54: 全店 | T54: =SUMIF(预估营业额3!$B$3:$B$39,">="&$H$2,预估营业额3!$E$3:$E$39)-SUMIF(预估营业额3!$B$3:$B$39,">"&N54,预估营业额3!$E$3:$E$39) -> 0 | U54: 0.010483792 | V54: 1 | W54: =T54*U54*V54 -> 0 | X54: 0.8 | Y54: =Z54+AA54 -> 0 | BG54: =VLOOKUP($A54,订货1!$A54:$I295,9,0) -> 由仓库 | BH54: =VLOOKUP($A54,订货1!$A54:$H295,8,0) -> 大丰英茂糖业有限公司
A55: 101594 | B55: 麻辣肉酱 | C55: 冷凍 | E55: 1kg*10pc | F55: 箱 | G55: 嘉兴铃吉食品有限公司 | H55: 嘉兴铃吉食品有限公司 | I55: 由仓库 | J55: 130纪翟路店 | K55: =VLOOKUP($A55,订货1!$A55:$A296,1,0) -> 101594 | L55: =VLOOKUP($A55,订货1!$A55:$G296,7,0) -> 嘉兴铃吉食品有限公司 | M55: =VLOOKUP($A55,订货1!$A55:$B296,2,0) -> 麻辣肉酱 | N55: =$N$4 -> 45978 | O55: =VLOOKUP($A55,订货1!$A55:$C296,3,0) -> 冷凍 | P55: =VLOOKUP($A55,订货1!$A55:$E296,5,0) -> 1kg*10pc | Q55: =VLOOKUP($A55,订货1!$A55:$F296,6,0) -> 箱 | R55: =IF(ROUNDUP(W55-Y55-X55,0)>=0,ROUNDUP((W55-Y55-X55),0),0) -> 0 | S55: 全店 | T55: =SUMIF(预估营业额3!$B$3:$B$39,">="&$H$2,预估营业额3!$E$3:$E$39)-SUMIF(预估营业额3!$B$3:$B$39,">"&N55,预估营业额3!$E$3:$E$39) -> 0 | U55: 0.13740757 | V55: 1 | W55: =T55*U55*V55 -> 0 | X55: 1 | Y55: =Z55+AA55 -> 0 | AF55: 1 | AI55: 1 | AM55: 1 | AO55: 1 | BG55: =VLOOKUP($A55,订货1!$A55:$I296,9,0) -> 由仓库 | BH55: =VLOOKUP($A55,订货1!$A55:$H296,8,0) -> 嘉兴铃吉食品有限公司
A56: 101642 | B56: 长粒香大米 | C56: 常温 | E56: 1.1kg*10pc | F56: 袋 | G56: 上海亮珠米业有限公司 | H56: 上海亮珠米业有限公司 | I56: 由仓库 | J56: 131（昆山）萧林中路店 | K56: =VLOOKUP($A56,订货1!$A56:$A297,1,0) -> 101642 | L56: =VLOOKUP($A56,订货1!$A56:$G297,7,0) -> 上海亮珠米业有限公司 | M56: =VLOOKUP($A56,订货1!$A56:$B297,2,0) -> 长粒香大米 | N56: =$N$4 -> 45978 | O56: =VLOOKUP($A56,订货1!$A56:$C297,3,0) -> 常温 | P56: =VLOOKUP($A56,订货1!$A56:$E297,5,0) -> 1.1kg*10pc | Q56: =VLOOKUP($A56,订货1!$A56:$F297,6,0) -> 袋 | R56: =IF(ROUNDUP(W56-Y56-X56,0)>=0,ROUNDUP((W56-Y56-X56),0),0) -> 0 | S56: 23567地域 | T56: =SUMIF(预估营业额3!$B$3:$B$39,">="&$H$2,预估营业额3!$E$3:$E$39)-SUMIF(预估营业额3!$B$3:$B$39,">"&N56,预估营业额3!$E$3:$E$39) -> 0 | U56: 0 | V56: 1 | W56: =T56*U56*V56 -> 0 | X56: 0 | Y56: =Z56+AA56 -> 0 | BG56: =VLOOKUP($A56,订货1!$A56:$I297,9,0) -> 由仓库 | BH56: =VLOOKUP($A56,订货1!$A56:$H297,8,0) -> 上海亮珠米业有限公司
A57: 101015 | B57: 冻鱿鱼圈 | C57: 冷凍 | E57: 1kg*10pc | F57: 箱 | G57: 丹东永明食品有限公司 | H57: 丹东永明食品有限公司 | I57: 由仓库 | J57: 132通河路店 | K57: =VLOOKUP($A57,订货1!$A57:$A298,1,0) -> 101015 | L57: =VLOOKUP($A57,订货1!$A57:$G298,7,0) -> 丹东永明食品有限公司 | M57: =VLOOKUP($A57,订货1!$A57:$B298,2,0) -> 冻鱿鱼圈 | N57: =$N$4 -> 45978 | O57: =VLOOKUP($A57,订货1!$A57:$C298,3,0) -> 冷凍 | P57: =VLOOKUP($A57,订货1!$A57:$E298,5,0) -> 1kg*10pc | Q57: =VLOOKUP($A57,订货1!$A57:$F298,6,0) -> 箱 | R57: =IF(ROUNDUP(W57-Y57-X57,0)>=0,ROUNDUP((W57-Y57-X57),0),0) -> 0 | S57: 全店 | T57: =SUMIF(预估营业额3!$B$3:$B$39,">="&$H$2,预估营业额3!$E$3:$E$39)-SUMIF(预估营业额3!$B$3:$B$39,">"&N57,预估营业额3!$E$3:$E$39) -> 0 | U57: 0.060246858 | V57: 1 | W57: =T57*U57*V57 -> 0 | X57: 1 | Y57: =Z57+AA57 -> 0 | AM57: 1 | BG57: =VLOOKUP($A57,订货1!$A57:$I298,9,0) -> 由仓库 | BH57: =VLOOKUP($A57,订货1!$A57:$H298,8,0) -> 丹东永明食品有限公司
A58: 101040 | B58: 冻煮杂色蛤 | C58: 冷凍 | E58: 96g*50pc | F58: 箱 | G58: 丹东永明食品有限公司 | H58: 丹东永明食品有限公司 | I58: 由仓库 | J58: 133秀沿路店 | K58: =VLOOKUP($A58,订货1!$A58:$A299,1,0) -> 101040 | L58: =VLOOKUP($A58,订货1!$A58:$G299,7,0) -> 丹东永明食品有限公司 | M58: =VLOOKUP($A58,订货1!$A58:$B299,2,0) -> 冻煮杂色蛤 | N58: =$N$4 -> 45978 | O58: =VLOOKUP($A58,订货1!$A58:$C299,3,0) -> 冷凍 | P58: =VLOOKUP($A58,订货1!$A58:$E299,5,0) -> 96g*50pc | Q58: =VLOOKUP($A58,订货1!$A58:$F299,6,0) -> 箱 | R58: =IF(ROUNDUP(W58-Y58-X58,0)>=0,ROUNDUP((W58-Y58-X58),0),0) -> 0 | S58: 全店 | T58: =SUMIF(预估营业额3!$B$3:$B$39,">="&$H$2,预估营业额3!$E$3:$E$39)-SUMIF(预估营业额3!$B$3:$B$39,">"&N58,预估营业额3!$E$3:$E$39) -> 0 | U58: 0.45 | V58: 1 | W58: =T58*U58*V58 -> 0 | X58: 2 | Y58: =Z58+AA58 -> 2 | Z58: 2 | AC58: 2 | AE58: 1 | AF58: 2 | AG58: 2 | AH58: 1 | AI58: 1 | AJ58: 1 | AM58: 2 | AN58: 2 | BG58: =VLOOKUP($A58,订货1!$A58:$I299,9,0) -> 由仓库 | BH58: =VLOOKUP($A58,订货1!$A58:$H299,8,0) -> 丹东永明食品有限公司
A59: 101726 | B59: 辣泡椒 | C59: 常温 | E59: 0.5kg*30pc | F59: 箱 | G59: 熠沣实业（上海）有限公司 | H59: 贵州省贵三红食品有限公司 | I59: 由仓库 | J59: 134都市路店（松江） | K59: =VLOOKUP($A59,订货1!$A59:$A300,1,0) -> 101726 | L59: =VLOOKUP($A59,订货1!$A59:$G300,7,0) -> 熠沣实业（上海）有限公司 | M59: =VLOOKUP($A59,订货1!$A59:$B300,2,0) -> 辣泡椒 | N59: =$N$4 -> 45978 | O59: =VLOOKUP($A59,订货1!$A59:$C300,3,0) -> 常温 | P59: =VLOOKUP($A59,订货1!$A59:$E300,5,0) -> 0.5kg*30pc | Q59: =VLOOKUP($A59,订货1!$A59:$F300,6,0) -> 箱 | R59: =IF(ROUNDUP(W59-Y59-X59,0)>=0,ROUNDUP((W59-Y59-X59),0),0) -> 0 | S59: 全店 | T59: =SUMIF(预估营业额3!$B$3:$B$39,">="&$H$2,预估营业额3!$E$3:$E$39)-SUMIF(预估营业额3!$B$3:$B$39,">"&N59,预估营业额3!$E$3:$E$39) -> 0 | U59: 0.017938933 | V59: 1 | W59: =T59*U59*V59 -> 0 | X59: 1 | Y59: =Z59+AA59 -> 0 | AM59: 1 | BG59: =VLOOKUP($A59,订货1!$A59:$I300,9,0) -> 由仓库 | BH59: =VLOOKUP($A59,订货1!$A59:$H300,8,0) -> 贵州省贵三红食品有限公司
A60: 101590 | B60: 金牌巴西甜橙（糖浆） | C60: 常温 | E60: 5kg*4pc | F60: 箱 | G60: 承武贸易（上海）有限公司 | H60: 山东泰乐源农业科技有限公司 | I60: 由仓库 | J60: 135鸿音路店 | K60: =VLOOKUP($A60,订货1!$A60:$A301,1,0) -> 101590 | L60: =VLOOKUP($A60,订货1!$A60:$G301,7,0) -> 承武贸易（上海）有限公司 | M60: =VLOOKUP($A60,订货1!$A60:$B301,2,0) -> 金牌巴西甜橙（糖浆） | N60: =$N$4 -> 45978 | O60: =VLOOKUP($A60,订货1!$A60:$C301,3,0) -> 常温 | P60: =VLOOKUP($A60,订货1!$A60:$E301,5,0) -> 5kg*4pc | Q60: =VLOOKUP($A60,订货1!$A60:$F301,6,0) -> 箱 | R60: =IF(ROUNDUP(W60-Y60-X60,0)>=0,ROUNDUP((W60-Y60-X60),0),0) -> 0 | S60: 其它 | T60: =SUMIF(预估营业额3!$B$3:$B$39,">="&$H$2,预估营业额3!$E$3:$E$39)-SUMIF(预估营业额3!$B$3:$B$39,">"&N60,预估营业额3!$E$3:$E$39) -> 0 | U60: 0.027257859 | V60: 1 | W60: =T60*U60*V60 -> 0 | X60: 0.5 | Y60: =Z60+AA60 -> 0 | AJ60: 1 | BG60: =VLOOKUP($A60,订货1!$A60:$I301,9,0) -> 由仓库 | BH60: =VLOOKUP($A60,订货1!$A60:$H301,8,0) -> 山东泰乐源农业科技有限公司
A61: 101767 | B61: 薄脆茄红烤翅 | C61: 冷凍 | E61: 1kg*12pc | F61: 箱 | G61: 福建圣农食品有限公司 | H61: 福建圣农食品(浦城)有限公司 | I61: 由仓库 | J61: 136控江路店 | K61: =VLOOKUP($A61,订货1!$A61:$A302,1,0) -> 101767 | L61: =VLOOKUP($A61,订货1!$A61:$G302,7,0) -> 福建圣农食品有限公司 | M61: =VLOOKUP($A61,订货1!$A61:$B302,2,0) -> 薄脆茄红烤翅 | N61: =$N$4 -> 45978 | O61: =VLOOKUP($A61,订货1!$A61:$C302,3,0) -> 冷凍 | P61: =VLOOKUP($A61,订货1!$A61:$E302,5,0) -> 1kg*12pc | Q61: =VLOOKUP($A61,订货1!$A61:$F302,6,0) -> 箱 | R61: =IF(ROUNDUP(W61-Y61-X61,0)>=0,ROUNDUP((W61-Y61-X61),0),0) -> 0 | S61: 实验店 | T61: =SUMIF(预估营业额3!$B$3:$B$39,">="&$H$2,预估营业额3!$E$3:$E$39)-SUMIF(预估营业额3!$B$3:$B$39,">"&N61,预估营业额3!$E$3:$E$39) -> 0 | U61: 0 | V61: 1.1 | W61: =T61*U61*V61 -> 0 | X61: 0 | Y61: =Z61+AA61 -> 0 | BG61: =VLOOKUP($A61,订货1!$A61:$I302,9,0) -> 由仓库 | BH61: =VLOOKUP($A61,订货1!$A61:$H302,8,0) -> 福建圣农食品(浦城)有限公司
A62: 101635 | B62: 萨莉亚冷冻小法棍600g | C62: 常温 | E62: 0.6kg*6pkt | F62: 箱 | G62: 曼可顿（上海）实业有限公司 | H62: 曼可顿食品（上海）有限公司 | I62: 由仓库 | J62: 137槎溪路店 | K62: =VLOOKUP($A62,订货1!$A62:$A303,1,0) -> 101635 | L62: =VLOOKUP($A62,订货1!$A62:$G303,7,0) -> 曼可顿（上海）实业有限公司 | M62: =VLOOKUP($A62,订货1!$A62:$B303,2,0) -> 萨莉亚冷冻小法棍600g | N62: =$N$4 -> 45978 | O62: =VLOOKUP($A62,订货1!$A62:$C303,3,0) -> 常温 | P62: =VLOOKUP($A62,订货1!$A62:$E303,5,0) -> 0.6kg*6pkt | Q62: =VLOOKUP($A62,订货1!$A62:$F303,6,0) -> 箱 | R62: =IF(ROUNDUP(W62-Y62-X62,0)>=0,ROUNDUP((W62-Y62-X62),0),0) -> 0 | S62: 全店 | T62: =SUMIF(预估营业额3!$B$3:$B$39,">="&$H$2,预估营业额3!$E$3:$E$39)-SUMIF(预估营业额3!$B$3:$B$39,">"&N62,预估营业额3!$E$3:$E$39) -> 0 | U62: 0.4582582 | V62: 1 | W62: =T62*U62*V62 -> 0 | X62: 2 | Y62: =Z62+AA62 -> 1 | Z62: 1 | AC62: 2 | AE62: 2 | AF62: 1 | AG62: 2 | AI62: 2 | AJ62: 1 | AM62: 3 | AN62: 1 | AO62: 1 | BG62: =VLOOKUP($A62,订货1!$A62:$I303,9,0) -> 由仓库 | BH62: =VLOOKUP($A62,订货1!$A62:$H303,8,0) -> 曼可顿食品（上海）有限公司
A63: 101266 | B63: 辣西西里5#直条形意大利面 | C63: 常温 | E63: 3kg*4pc | F63: 箱 | G63: 辣西西里（北京）国际贸易有限公司 | H63: Pastificio Guido Ferrara S.p.A | I63: 由仓库 | J63: 138铜川路店 | K63: =VLOOKUP($A63,订货1!$A63:$A304,1,0) -> 101266 | L63: =VLOOKUP($A63,订货1!$A63:$G304,7,0) -> 辣西西里（北京）国际贸易有限公司 | M63: =VLOOKUP($A63,订货1!$A63:$B304,2,0) -> 辣西西里5#直条形意大利面 | N63: =$N$4 -> 45978 | O63: =VLOOKUP($A63,订货1!$A63:$C304,3,0) -> 常温 | P63: =VLOOKUP($A63,订货1!$A63:$E304,5,0) -> 3kg*4pc | Q63: =VLOOKUP($A63,订货1!$A63:$F304,6,0) -> 箱 | R63: =IF(ROUNDUP(W63-Y63-X63,0)>=0,ROUNDUP((W63-Y63-X63),0),0) -> 0 | S63: 1,4,8,9,10地域 | T63: =SUMIF(预估营业额3!$B$3:$B$39,">="&$H$2,预估营业额3!$E$3:$E$39)-SUMIF(预估营业额3!$B$3:$B$39,">"&N63,预估营业额3!$E$3:$E$39) -> 0 | U63: 0.81505659 | V63: 1.1 | W63: =T63*U63*V63 -> 0 | X63: 2 | Y63: =Z63+AA63 -> 3 | Z63: 3 | AB63: 1 | AC63: 2 | AE63: 3 | AF63: 3 | AG63: 3 | AH63: 1 | AI63: 2 | AJ63: 2 | AM63: 5 | AN63: 3 | AO63: 3 | BG63: =VLOOKUP($A63,订货1!$A63:$I304,9,0) -> 由仓库 | BH63: =VLOOKUP($A63,订货1!$A63:$H304,8,0) -> Pastificio Guido Ferrara S.p.A
A64: 101289 | B64: 辣西西里特级初榨橄榄油 | C64: 常温 | E64: 1L*12本 | F64: 箱 | G64: 辣西西里（北京）国际贸易有限公司 | H64: Biolevante Srl | I64: 由仓库 | J64: 139浦建路二店 | K64: =VLOOKUP($A64,订货1!$A64:$A305,1,0) -> 101289 | L64: =VLOOKUP($A64,订货1!$A64:$G305,7,0) -> 辣西西里（北京）国际贸易有限公司 | M64: =VLOOKUP($A64,订货1!$A64:$B305,2,0) -> 辣西西里特级初榨橄榄油 | N64: =$N$4 -> 45978 | O64: =VLOOKUP($A64,订货1!$A64:$C305,3,0) -> 常温 | P64: =VLOOKUP($A64,订货1!$A64:$E305,5,0) -> 1L*12本 | Q64: =VLOOKUP($A64,订货1!$A64:$F305,6,0) -> 箱 | R64: =IF(ROUNDUP(W64-Y64-X64,0)>=0,ROUNDUP((W64-Y64-X64),0),0) -> 0 | S64: 全店 | T64: =SUMIF(预估营业额3!$B$3:$B$39,">="&$H$2,预估营业额3!$E$3:$E$39)-SUMIF(预估营业额3!$B$3:$B$39,">"&N64,预估营业额3!$E$3:$E$39) -> 0 | U64: 0.011648658 | V64: 1 | W64: =T64*U64*V64 -> 0 | X64: 0.41666667 | Y64: =Z64+AA64 -> 0 | BG64: =VLOOKUP($A64,订货1!$A64:$I305,9,0) -> 由仓库 | BH64: =VLOOKUP($A64,订货1!$A64:$H305,8,0) -> Biolevante Srl
A65: 101359 | B65: 卡利酒庄蓝布鲁斯科低泡葡萄酒 | C65: 冷凍 | E65: 750ml*6本 | F65: 箱 | G65: 辣西西里（北京）国际贸易有限公司 | H65: PR.I.V.I. SRL CHIARLI 1860 | I65: 由仓库 | J65: 140苏州城际路店 | K65: =VLOOKUP($A65,订货1!$A65:$A306,1,0) -> 101359 | L65: =VLOOKUP($A65,订货1!$A65:$G306,7,0) -> 辣西西里（北京）国际贸易有限公司 | M65: =VLOOKUP($A65,订货1!$A65:$B306,2,0) -> 卡利酒庄蓝布鲁斯科低泡葡萄酒 | N65: =$N$4 -> 45978 | O65: =VLOOKUP($A65,订货1!$A65:$C306,3,0) -> 冷凍 | P65: =VLOOKUP($A65,订货1!$A65:$E306,5,0) -> 750ml*6本 | Q65: =VLOOKUP($A65,订货1!$A65:$F306,6,0) -> 箱 | R65: =IF(ROUNDUP(W65-Y65-X65,0)>=0,ROUNDUP((W65-Y65-X65),0),0) -> 0 | S65: 全店 | T65: =SUMIF(预估营业额3!$B$3:$B$39,">="&$H$2,预估营业额3!$E$3:$E$39)-SUMIF(预估营业额3!$B$3:$B$39,">"&N65,预估营业额3!$E$3:$E$39) -> 0 | U65: 0.057078423 | V65: 1 | W65: =T65*U65*V65 -> 0 | X65: 1 | Y65: =Z65+AA65 -> 0 | AB65: 1 | AE65: 1 | BG65: =VLOOKUP($A65,订货1!$A65:$I306,9,0) -> 由仓库 | BH65: =VLOOKUP($A65,订货1!$A65:$H306,8,0) -> PR.I.V.I. SRL CHIARLI 1860
A66: 101362 | B66: 马塞研磨干酪粉 | C66: 冷凍 | E66: 1kg*6 | F66: 箱 | G66: 辣西西里（北京）国际贸易有限公司 | H66: Basso Sebastiano Srl | I66: 由仓库 | J66: 141苏州中山东路店 | K66: =VLOOKUP($A66,订货1!$A66:$A307,1,0) -> 101362 | L66: =VLOOKUP($A66,订货1!$A66:$G307,7,0) -> 辣西西里（北京）国际贸易有限公司 | M66: =VLOOKUP($A66,订货1!$A66:$B307,2,0) -> 马塞研磨干酪粉 | N66: =$N$4 -> 45978 | O66: =VLOOKUP($A66,订货1!$A66:$C307,3,0) -> 冷凍 | P66: =VLOOKUP($A66,订货1!$A66:$E307,5,0) -> 1kg*6 | Q66: =VLOOKUP($A66,订货1!$A66:$F307,6,0) -> 箱 | R66: =IF(ROUNDUP(W66-Y66-X66,0)>=0,ROUNDUP((W66-Y66-X66),0),0) -> 0 | S66: 上海店铺&宁波余姚 | T66: =SUMIF(预估营业额3!$B$3:$B$39,">="&$H$2,预估营业额3!$E$3:$E$39)-SUMIF(预估营业额3!$B$3:$B$39,">"&N66,预估营业额3!$E$3:$E$39) -> 0 | U66: 0.10949738 | V66: 1 | W66: =T66*U66*V66 -> 0 | X66: 0.9 | Y66: =Z66+AA66 -> 1 | Z66: 1 | AF66: 1 | AI66: 1 | AN66: 1 | BG66: =VLOOKUP($A66,订货1!$A66:$I307,9,0) -> 由仓库 | BH66: =VLOOKUP($A66,订货1!$A66:$H307,8,0) -> Basso Sebastiano Srl
A67: 101742 | B67: 牛肝菌菌菇调理包 | C67: 冷凍 | E67: 1kg*10 | F67: 箱 | G67: 上海香尚香食品有限公司 | H67: 上海香尚香食品有限公司 | I67: 由仓库 | J67: 142上中西路店 | K67: =VLOOKUP($A67,订货1!$A67:$A308,1,0) -> 101742 | L67: =VLOOKUP($A67,订货1!$A67:$G308,7,0) -> 上海香尚香食品有限公司 | M67: =VLOOKUP($A67,订货1!$A67:$B308,2,0) -> 牛肝菌菌菇调理包 | N67: =$N$4 -> 45978 | O67: =VLOOKUP($A67,订货1!$A67:$C308,3,0) -> 冷凍 | P67: =VLOOKUP($A67,订货1!$A67:$E308,5,0) -> 1kg*10 | Q67: =VLOOKUP($A67,订货1!$A67:$F308,6,0) -> 箱 | R67: =IF(ROUNDUP(W67-Y67-X67,0)>=0,ROUNDUP((W67-Y67-X67),0),0) -> 0 | S67: 全店 | T67: =SUMIF(预估营业额3!$B$3:$B$39,">="&$H$2,预估营业额3!$E$3:$E$39)-SUMIF(预估营业额3!$B$3:$B$39,">"&N67,预估营业额3!$E$3:$E$39) -> 0 | U67: 0.12 | V67: 1 | W67: =T67*U67*V67 -> 0 | X67: 0.7 | Y67: =Z67+AA67 -> 0 | AF67: 1 | AO67: 1 | BG67: =VLOOKUP($A67,订货1!$A67:$I308,9,0) -> 由仓库 | BH67: =VLOOKUP($A67,订货1!$A67:$H308,8,0) -> 上海香尚香食品有限公司
A68: 101708 | B68: 超薄脆比萨饼底 | C68: 冷凍 | E68: 15*4pc | F68: 箱 | G68: 麦西恩食品（上海）有限公司 | H68: 麦西恩食品（上海）有限公司 | I68: 由仓库 | J68: 143昆山人民南路店 | K68: =VLOOKUP($A68,订货1!$A68:$A309,1,0) -> 101708 | L68: =VLOOKUP($A68,订货1!$A68:$G309,7,0) -> 麦西恩食品（上海）有限公司 | M68: =VLOOKUP($A68,订货1!$A68:$B309,2,0) -> 超薄脆比萨饼底 | N68: =$N$4 -> 45978 | O68: =VLOOKUP($A68,订货1!$A68:$C309,3,0) -> 冷凍 | P68: =VLOOKUP($A68,订货1!$A68:$E309,5,0) -> 15*4pc | Q68: =VLOOKUP($A68,订货1!$A68:$F309,6,0) -> 箱 | R68: =IF(ROUNDUP(W68-Y68-X68,0)>=0,ROUNDUP((W68-Y68-X68),0),0) -> 0 | S68: 全店 | T68: =SUMIF(预估营业额3!$B$3:$B$39,">="&$H$2,预估营业额3!$E$3:$E$39)-SUMIF(预估营业额3!$B$3:$B$39,">"&N68,预估营业额3!$E$3:$E$39) -> 0 | U68: 0.31451376 | V68: 1 | W68: =T68*U68*V68 -> 0 | X68: 0 | Y68: =Z68+AA68 -> 0 | BG68: =VLOOKUP($A68,订货1!$A68:$I309,9,0) -> 由仓库 | BH68: =VLOOKUP($A68,订货1!$A68:$H309,8,0) -> 麦西恩食品（上海）有限公司
A69: 101748 | B69: 酥皮蛋糕 | C69: 冷凍 | E69: 60g*4*4 | F69: 盒 | G69: 辣西西里（北京）国际贸易有限公司 | H69: Dolceria Alba SPA | I69: 由仓库 | J69: 144苏州企鸿路店 | K69: =VLOOKUP($A69,订货1!$A69:$A310,1,0) -> 101748 | L69: =VLOOKUP($A69,订货1!$A69:$G310,7,0) -> 辣西西里（北京）国际贸易有限公司 | M69: =VLOOKUP($A69,订货1!$A69:$B310,2,0) -> 酥皮蛋糕 | N69: =$N$4 -> 45978 | O69: =VLOOKUP($A69,订货1!$A69:$C310,3,0) -> 冷凍 | P69: =VLOOKUP($A69,订货1!$A69:$E310,5,0) -> 60g*4*4 | Q69: =VLOOKUP($A69,订货1!$A69:$F310,6,0) -> 盒 | R69: =IF(ROUNDUP(W69-Y69-X69,0)>=0,ROUNDUP((W69-Y69-X69),0),0) -> 0 | S69: 全店 | T69: =SUMIF(预估营业额3!$B$3:$B$39,">="&$H$2,预估营业额3!$E$3:$E$39)-SUMIF(预估营业额3!$B$3:$B$39,">"&N69,预估营业额3!$E$3:$E$39) -> 0 | U69: 0 | V69: 1 | W69: =T69*U69*V69 -> 0 | X69: 0 | Y69: =Z69+AA69 -> 0 | BG69: =VLOOKUP($A69,订货1!$A69:$I310,9,0) -> 由仓库 | BH69: =VLOOKUP($A69,订货1!$A69:$H310,8,0) -> Dolceria Alba SPA
A70: 101554 | B70: 焦糖布丁蛋糕 | C70: 冷凍 | E70: 100g*9块/盒 | F70: 盒 | G70: 辣西西里（北京）国际贸易有限公司 | H70: Dolceria Alba SPA | I70: 由仓库 | J70: 145江月路店（松江） | K70: =VLOOKUP($A70,订货1!$A70:$A312,1,0) -> 101554 | L70: =VLOOKUP($A70,订货1!$A70:$G312,7,0) -> 辣西西里（北京）国际贸易有限公司 | M70: =VLOOKUP($A70,订货1!$A70:$B312,2,0) -> 焦糖布丁蛋糕 | N70: =$N$4 -> 45978 | O70: =VLOOKUP($A70,订货1!$A70:$C312,3,0) -> 冷凍 | P70: =VLOOKUP($A70,订货1!$A70:$E312,5,0) -> 100g*9块/盒 | Q70: =VLOOKUP($A70,订货1!$A70:$F312,6,0) -> 盒 | R70: =IF(ROUNDUP(W70-Y70-X70,0)>=0,ROUNDUP((W70-Y70-X70),0),0) -> 0 | S70: 上海店铺及宁波余姚 | T70: =SUMIF(预估营业额3!$B$3:$B$39,">="&$H$2,预估营业额3!$E$3:$E$39)-SUMIF(预估营业额3!$B$3:$B$39,">"&N70,预估营业额3!$E$3:$E$39) -> 0 | U70: 0.64455907 | V70: 1 | W70: =T70*U70*V70 -> 0 | X70: 3 | Y70: =Z70+AA70 -> 3 | Z70: 3 | AB70: 1 | AE70: 1 | AF70: 2 | AG70: 3 | AJ70: 2 | AL70: 1 | AM70: 2 | AN70: 3 | BG70: =VLOOKUP($A70,订货1!$A70:$I312,9,0) -> 由仓库 | BH70: =VLOOKUP($A70,订货1!$A70:$H312,8,0) -> Dolceria Alba SPA
A71: 101587 | B71: 金牌印度阿方索芒果（糖浆） | C71: 常温 | E71: 5kg*4pc | F71: 盒 | G71: 承武贸易（上海）有限公司 | H71: 山东泰乐源农业科技有限公司 | I71: 由仓库 | J71: 146天山路二店 | K71: =VLOOKUP($A71,订货1!$A71:$A313,1,0) -> 101587 | L71: =VLOOKUP($A71,订货1!$A71:$G313,7,0) -> 承武贸易（上海）有限公司 | M71: =VLOOKUP($A71,订货1!$A71:$B313,2,0) -> 金牌印度阿方索芒果（糖浆） | N71: =$N$4 -> 45978 | O71: =VLOOKUP($A71,订货1!$A71:$C313,3,0) -> 常温 | P71: =VLOOKUP($A71,订货1!$A71:$E313,5,0) -> 5kg*4pc | Q71: =VLOOKUP($A71,订货1!$A71:$F313,6,0) -> 盒 | R71: =IF(ROUNDUP(W71-Y71-X71,0)>=0,ROUNDUP((W71-Y71-X71),0),0) -> 0 | S71: 其它 | T71: =SUMIF(预估营业额3!$B$3:$B$39,">="&$H$2,预估营业额3!$E$3:$E$39)-SUMIF(预估营业额3!$B$3:$B$39,">"&N71,预估营业额3!$E$3:$E$39) -> 0 | U71: 0.022365423 | V71: 1 | W71: =T71*U71*V71 -> 0 | X71: 1 | Y71: =Z71+AA71 -> 0 | AI71: 1 | BG71: =VLOOKUP($A71,订货1!$A71:$I313,9,0) -> 由仓库 | BH71: =VLOOKUP($A71,订货1!$A71:$H313,8,0) -> 山东泰乐源农业科技有限公司
A72: 101286 | B72: 萨莉亚特制沙拉酱 | C72: 冷蔵 | E72: 1kg*10pc | F72: 箱 | G72: 仙波食品（浙江）有限公司 | H72: 仙波食品（浙江）有限公司 | I72: 由仓库 | J72: 147万荣路店（松江） | K72: =VLOOKUP($A72,订货1!$A72:$A314,1,0) -> 101286 | L72: =VLOOKUP($A72,订货1!$A72:$G314,7,0) -> 仙波食品（浙江）有限公司 | M72: =VLOOKUP($A72,订货1!$A72:$B314,2,0) -> 萨莉亚特制沙拉酱 | N72: =$N$4 -> 45978 | O72: =VLOOKUP($A72,订货1!$A72:$C314,3,0) -> 冷蔵 | P72: =VLOOKUP($A72,订货1!$A72:$E314,5,0) -> 1kg*10pc | Q72: =VLOOKUP($A72,订货1!$A72:$F314,6,0) -> 箱 | R72: =IF(ROUNDUP(W72-Y72-X72,0)>=0,ROUNDUP((W72-Y72-X72),0),0) -> 0 | S72: 2地域 | T72: =SUMIF(预估营业额3!$B$3:$B$39,">="&$H$2,预估营业额3!$E$3:$E$39)-SUMIF(预估营业额3!$B$3:$B$39,">"&N72,预估营业额3!$E$3:$E$39) -> 0 | U72: 0 | V72: 1.1 | W72: =T72*U72*V72 -> 0 | X72: 0 | Y72: =Z72+AA72 -> 0 | BG72: =VLOOKUP($A72,订货1!$A72:$I314,9,0) -> 由仓库 | BH72: =VLOOKUP($A72,订货1!$A72:$H314,8,0) -> 仙波食品（浙江）有限公司
A73: 101588 | B73: 金牌红葡萄（糖浆） | C73: 常温 | E73: 5kg*4pc | F73: 箱 | G73: 承武贸易（上海）有限公司 | H73: 山东泰乐源农业科技有限公司 | I73: 由仓库 | J73: 148宝安公路店 | K73: =VLOOKUP($A73,订货1!$A73:$A315,1,0) -> 101588 | L73: =VLOOKUP($A73,订货1!$A73:$G315,7,0) -> 承武贸易（上海）有限公司 | M73: =VLOOKUP($A73,订货1!$A73:$B315,2,0) -> 金牌红葡萄（糖浆） | N73: =$N$4 -> 45978 | O73: =VLOOKUP($A73,订货1!$A73:$C315,3,0) -> 常温 | P73: =VLOOKUP($A73,订货1!$A73:$E315,5,0) -> 5kg*4pc | Q73: =VLOOKUP($A73,订货1!$A73:$F315,6,0) -> 箱 | R73: =IF(ROUNDUP(W73-Y73-X73,0)>=0,ROUNDUP((W73-Y73-X73),0),0) -> 0 | S73: 其它 | T73: =SUMIF(预估营业额3!$B$3:$B$39,">="&$H$2,预估营业额3!$E$3:$E$39)-SUMIF(预估营业额3!$B$3:$B$39,">"&N73,预估营业额3!$E$3:$E$39) -> 0 | U73: 0.038440571 | V73: 1 | W73: =T73*U73*V73 -> 0 | X73: 1 | Y73: =Z73+AA73 -> 0 | AC73: 1 | BG73: =VLOOKUP($A73,订货1!$A73:$I315,9,0) -> 由仓库 | BH73: =VLOOKUP($A73,订货1!$A73:$H315,8,0) -> 山东泰乐源农业科技有限公司
A74: 101768 | B74: 苹果派 | C74: 冷凍 | E74: 76g*7*4pc | F74: 箱 | G74: 辣西西里（北京）国际贸易有限公司 | H74: Pan Surgelati Srl | I74: 由仓库 | J74: 149莘松路店（松江） | K74: =VLOOKUP($A74,订货1!$A74:$A316,1,0) -> 101768 | L74: =VLOOKUP($A74,订货1!$A74:$G316,7,0) -> 辣西西里（北京）国际贸易有限公司 | M74: =VLOOKUP($A74,订货1!$A74:$B316,2,0) -> 苹果派 | N74: =$N$4 -> 45978 | O74: =VLOOKUP($A74,订货1!$A74:$C316,3,0) -> 冷凍 | P74: =VLOOKUP($A74,订货1!$A74:$E316,5,0) -> 76g*7*4pc | Q74: =VLOOKUP($A74,订货1!$A74:$F316,6,0) -> 箱 | R74: =IF(ROUNDUP(W74-Y74-X74,0)>=0,ROUNDUP((W74-Y74-X74),0),0) -> 0 | S74: 实验店 | T74: =SUMIF(预估营业额3!$B$3:$B$39,">="&$H$2,预估营业额3!$E$3:$E$39)-SUMIF(预估营业额3!$B$3:$B$39,">"&N74,预估营业额3!$E$3:$E$39) -> 0 | U74: 0 | V74: 1 | W74: =T74*U74*V74 -> 0 | X74: 0 | Y74: =Z74+AA74 -> 0 | BG74: =VLOOKUP($A74,订货1!$A74:$I316,9,0) -> 由仓库 | BH74: =VLOOKUP($A74,订货1!$A74:$H316,8,0) -> Pan Surgelati Srl
A75: 101669 | B75: 辣西西里摩德纳黑醋 | C75: 常温 | E75: 0.5l | F75: 瓶 | G75: 辣西西里（北京）国际贸易有限公司 | H75: Fattorie Giacobazzi srl | I75: 由仓库 | J75: 150南京北京东路店 | K75: =VLOOKUP($A75,订货1!$A75:$A317,1,0) -> 101669 | L75: =VLOOKUP($A75,订货1!$A75:$G317,7,0) -> 辣西西里（北京）国际贸易有限公司 | M75: =VLOOKUP($A75,订货1!$A75:$B317,2,0) -> 辣西西里摩德纳黑醋 | N75: =$N$4 -> 45978 | O75: =VLOOKUP($A75,订货1!$A75:$C317,3,0) -> 常温 | P75: =VLOOKUP($A75,订货1!$A75:$E317,5,0) -> 0.5l | Q75: =VLOOKUP($A75,订货1!$A75:$F317,6,0) -> 瓶 | R75: =IF(ROUNDUP(W75-Y75-X75,0)>=0,ROUNDUP((W75-Y75-X75),0),0) -> 0 | S75: 全店 | T75: =SUMIF(预估营业额3!$B$3:$B$39,">="&$H$2,预估营业额3!$E$3:$E$39)-SUMIF(预估营业额3!$B$3:$B$39,">"&N75,预估营业额3!$E$3:$E$39) -> 0 | U75: 0.041935168 | V75: 1 | W75: =T75*U75*V75 -> 0 | X75: 1 | Y75: =Z75+AA75 -> 0 | AM75: 1 | BG75: =VLOOKUP($A75,订货1!$A75:$I317,9,0) -> 由仓库 | BH75: =VLOOKUP($A75,订货1!$A75:$H317,8,0) -> Fattorie Giacobazzi srl
A76: 101709 | B76: 蒜蓉辣椒酱 | C76: 冷凍 | E76: 500g*20pc | F76: 箱 | G76: 广州萨莉亚食品有限公司 | H76: 广州萨莉亚食品有限公司 | I76: 由仓库 | J76: 151南京石鼓路店 | K76: =VLOOKUP($A76,订货1!$A76:$A318,1,0) -> 101709 | L76: =VLOOKUP($A76,订货1!$A76:$G318,7,0) -> 广州萨莉亚食品有限公司 | M76: =VLOOKUP($A76,订货1!$A76:$B318,2,0) -> 蒜蓉辣椒酱 | N76: =$N$4 -> 45978 | O76: =VLOOKUP($A76,订货1!$A76:$C318,3,0) -> 冷凍 | P76: =VLOOKUP($A76,订货1!$A76:$E318,5,0) -> 500g*20pc | Q76: =VLOOKUP($A76,订货1!$A76:$F318,6,0) -> 箱 | R76: =IF(ROUNDUP(W76-Y76-X76,0)>=0,ROUNDUP((W76-Y76-X76),0),0) -> 0 | S76: 全店 | T76: =SUMIF(预估营业额3!$B$3:$B$39,">="&$H$2,预估营业额3!$E$3:$E$39)-SUMIF(预估营业额3!$B$3:$B$39,">"&N76,预估营业额3!$E$3:$E$39) -> 0 | U76: 0.030123429 | V76: 1.1 | W76: =T76*U76*V76 -> 0 | X76: 0.32 | Y76: =Z76+AA76 -> 1 | Z76: 1 | AN76: 1 | BG76: =VLOOKUP($A76,订货1!$A76:$I318,9,0) -> 由仓库 | BH76: =VLOOKUP($A76,订货1!$A76:$H318,8,0) -> 广州萨莉亚食品有限公司
A77: 101710 | B77: 双层手指饼提拉米苏蛋糕 | C77: 冷凍 | E77: 85g*8个/盒 | F77: 盒 | G77: 辣西西里（北京）国际贸易有限公司 | H77: Dolceria Alba SPA | I77: 由仓库 | J77: 152新松江路店（松江） | K77: =VLOOKUP($A77,订货1!$A77:$A319,1,0) -> 101710 | L77: =VLOOKUP($A77,订货1!$A77:$G319,7,0) -> 辣西西里（北京）国际贸易有限公司 | M77: =VLOOKUP($A77,订货1!$A77:$B319,2,0) -> 双层手指饼提拉米苏蛋糕 | N77: =$N$4 -> 45978 | O77: =VLOOKUP($A77,订货1!$A77:$C319,3,0) -> 冷凍 | P77: =VLOOKUP($A77,订货1!$A77:$E319,5,0) -> 85g*8个/盒 | Q77: =VLOOKUP($A77,订货1!$A77:$F319,6,0) -> 盒 | R77: =IF(ROUNDUP(W77-Y77-X77,0)>=0,ROUNDUP((W77-Y77-X77),0),0) -> 0 | S77: 全店 | T77: =SUMIF(预估营业额3!$B$3:$B$39,">="&$H$2,预估营业额3!$E$3:$E$39)-SUMIF(预估营业额3!$B$3:$B$39,">"&N77,预估营业额3!$E$3:$E$39) -> 0 | U77: 0.47526524 | V77: 1 | W77: =T77*U77*V77 -> 0 | X77: 3 | Y77: =Z77+AA77 -> 1 | Z77: 1 | AB77: 1 | AE77: 1 | AF77: 1 | AG77: 2 | AH77: 2 | AJ77: 2 | AM77: 2 | AN77: 1 | AO77: 1 | BG77: =VLOOKUP($A77,订货1!$A77:$I319,9,0) -> 由仓库 | BH77: =VLOOKUP($A77,订货1!$A77:$H319,8,0) -> Dolceria Alba SPA
A78: 101770 | B78: 辣西西-布拉塔干酪（迷你） | C78: 冷凍 | E78: 200g*8盒 | F78: 箱 | G78: 辣西西里（北京）国际贸易有限公司 | H78: FORMALACTIS S.r.L | I78: 由仓库 | J78: 153苏州南园南路店 | K78: =VLOOKUP($A78,订货1!$A78:$A320,1,0) -> 101770 | L78: =VLOOKUP($A78,订货1!$A78:$G320,7,0) -> 辣西西里（北京）国际贸易有限公司 | M78: =VLOOKUP($A78,订货1!$A78:$B320,2,0) -> 辣西西-布拉塔干酪（迷你） | N78: =$N$4 -> 45978 | O78: =VLOOKUP($A78,订货1!$A78:$C320,3,0) -> 冷凍 | P78: =VLOOKUP($A78,订货1!$A78:$E320,5,0) -> 200g*8盒 | Q78: =VLOOKUP($A78,订货1!$A78:$F320,6,0) -> 箱 | R78: =IF(ROUNDUP(W78-Y78-X78,0)>=0,ROUNDUP((W78-Y78-X78),0),0) -> 0 | S78: 实验店 | T78: =SUMIF(预估营业额3!$B$3:$B$39,">="&$H$2,预估营业额3!$E$3:$E$39)-SUMIF(预估营业额3!$B$3:$B$39,">"&N78,预估营业额3!$E$3:$E$39) -> 0 | U78: 0 | V78: 1 | W78: =T78*U78*V78 -> 0 | X78: 0 | Y78: =Z78+AA78 -> 0 | BG78: =VLOOKUP($A78,订货1!$A78:$I320,9,0) -> 由仓库 | BH78: =VLOOKUP($A78,订货1!$A78:$H320,8,0) -> FORMALACTIS S.r.L
A79: 101747 | B79: 8英寸薄脆比萨饼底 | C79: 冷凍 | E79: 4pc*15 | F79: 箱 | G79: 麦西恩食品（上海）有限公司 | H79: 麦西恩食品（上海）有限公司 | I79: 由仓库 | J79: 154控江路二店 | K79: =VLOOKUP($A79,订货1!$A79:$A321,1,0) -> 101747 | L79: =VLOOKUP($A79,订货1!$A79:$G321,7,0) -> 麦西恩食品（上海）有限公司 | M79: =VLOOKUP($A79,订货1!$A79:$B321,2,0) -> 8英寸薄脆比萨饼底 | N79: =$N$4 -> 45978 | O79: =VLOOKUP($A79,订货1!$A79:$C321,3,0) -> 冷凍 | P79: =VLOOKUP($A79,订货1!$A79:$E321,5,0) -> 4pc*15 | Q79: =VLOOKUP($A79,订货1!$A79:$F321,6,0) -> 箱 | R79: =IF(ROUNDUP(W79-Y79-X79,0)>=0,ROUNDUP((W79-Y79-X79),0),0) -> 0 | S79: 全店 | T79: =SUMIF(预估营业额3!$B$3:$B$39,">="&$H$2,预估营业额3!$E$3:$E$39)-SUMIF(预估营业额3!$B$3:$B$39,">"&N79,预估营业额3!$E$3:$E$39) -> 0 | U79: 0.4 | V79: 1 | W79: =T79*U79*V79 -> 0 | X79: 2 | Y79: =Z79+AA79 -> 1 | Z79: 1 | AC79: 1 | AF79: 1 | AG79: 2 | AI79: 2 | AM79: 3 | AN79: 1 | AO79: 1 | BG79: =VLOOKUP($A79,订货1!$A79:$I321,9,0) -> 由仓库 | BH79: =VLOOKUP($A79,订货1!$A79:$H321,8,0) -> 麦西恩食品（上海）有限公司
A80: 101682 | B80: 冷冻西兰花 | C80: 冷凍 | E80: 1kg*6pc | F80: 箱 | G80: 山東三涛食品有限公司 | H80: 山東三涛食品有限公司 | I80: 由仓库 | J80: 155嘉涌路店 | K80: =VLOOKUP($A80,订货1!$A80:$A322,1,0) -> 101682 | L80: =VLOOKUP($A80,订货1!$A80:$G322,7,0) -> 山東三涛食品有限公司 | M80: =VLOOKUP($A80,订货1!$A80:$B322,2,0) -> 冷冻西兰花 | N80: =$N$4 -> 45978 | O80: =VLOOKUP($A80,订货1!$A80:$C322,3,0) -> 冷凍 | P80: =VLOOKUP($A80,订货1!$A80:$E322,5,0) -> 1kg*6pc | Q80: =VLOOKUP($A80,订货1!$A80:$F322,6,0) -> 箱 | R80: =IF(ROUNDUP(W80-Y80-X80,0)>=0,ROUNDUP((W80-Y80-X80),0),0) -> 0 | S80: 全店 | T80: =SUMIF(预估营业额3!$B$3:$B$39,">="&$H$2,预估营业额3!$E$3:$E$39)-SUMIF(预估营业额3!$B$3:$B$39,">"&N80,预估营业额3!$E$3:$E$39) -> 0 | U80: 0.11 | V80: 1 | W80: =T80*U80*V80 -> 0 | X80: 0.9 | Y80: =Z80+AA80 -> 0 | AC80: 1 | AF80: 1 | AI80: 1 | AM80: 1 | AO80: 1 | BG80: =VLOOKUP($A80,订货1!$A80:$I322,9,0) -> 由仓库 | BH80: =VLOOKUP($A80,订货1!$A80:$H322,8,0) -> 山東三涛食品有限公司
A81: 101073 | B81: 萨莉亚速冻蜗牛肉 | C81: 冷凍 | E81: 1kg*12pc | F81: 箱 | G81: 嘉兴市潜鑫食品有限公司 | H81: 嘉兴市潜鑫食品有限公司 | I81: 由仓库 | J81: 156龙茗路店 | K81: =VLOOKUP($A81,订货1!$A81:$A323,1,0) -> 101073 | L81: =VLOOKUP($A81,订货1!$A81:$G323,7,0) -> 嘉兴市潜鑫食品有限公司 | M81: =VLOOKUP($A81,订货1!$A81:$B323,2,0) -> 萨莉亚速冻蜗牛肉 | N81: =$N$4 -> 45978 | O81: =VLOOKUP($A81,订货1!$A81:$C323,3,0) -> 冷凍 | P81: =VLOOKUP($A81,订货1!$A81:$E323,5,0) -> 1kg*12pc | Q81: =VLOOKUP($A81,订货1!$A81:$F323,6,0) -> 箱 | R81: =IF(ROUNDUP(W81-Y81-X81,0)>=0,ROUNDUP((W81-Y81-X81),0),0) -> 0 | S81: 全店 | T81: =SUMIF(预估营业额3!$B$3:$B$39,">="&$H$2,预估营业额3!$E$3:$E$39)-SUMIF(预估营业额3!$B$3:$B$39,">"&N81,预估营业额3!$E$3:$E$39) -> 0 | U81: 0.089299077 | V81: 1 | W81: =T81*U81*V81 -> 0 | X81: 0.5 | Y81: =Z81+AA81 -> 1 | Z81: 1 | AF81: 1 | AJ81: 1 | AN81: 1 | BG81: =VLOOKUP($A81,订货1!$A81:$I323,9,0) -> 由仓库 | BH81: =VLOOKUP($A81,订货1!$A81:$H323,8,0) -> 嘉兴市潜鑫食品有限公司
A82: 720003 | B82: 樱桃番茄 | C82: 冷蔵 | E82: 0.5kg | F82: 袋 | G82: 上海百蒂凯蔬果种植专业合作社 | H82: 上海承祖食品有限公司 | I82: 由厂商 | J82: 157漕宝路店 | K82: =VLOOKUP($A82,订货1!$A82:$A324,1,0) -> 720003 | L82: =VLOOKUP($A82,订货1!$A82:$G324,7,0) -> 上海百蒂凯蔬果种植专业合作社 | M82: =VLOOKUP($A82,订货1!$A82:$B324,2,0) -> 樱桃番茄 | N82: 45978 | O82: =VLOOKUP($A82,订货1!$A82:$C324,3,0) -> 冷蔵 | P82: =VLOOKUP($A82,订货1!$A82:$E324,5,0) -> 0.5kg | Q82: =VLOOKUP($A82,订货1!$A82:$F324,6,0) -> 袋 | R82: =IF(ROUNDUP(W82-Y82-X82,0)>=0,ROUNDUP((W82-Y82-X82),0),0) -> 0 | S82: 其它 | T82: =SUMIF(预估营业额3!$B$3:$B$39,">="&$H$2,预估营业额3!$E$3:$E$39)-SUMIF(预估营业额3!$B$3:$B$39,">"&N82,预估营业额3!$E$3:$E$39) -> 0 | U82: 2.4 | V82: 1 | W82: =T82*U82*V82 -> 0 | X82: 6 | Y82: =Z82+AA82 -> 11 | Z82: 11 | AC82: 3 | AE82: 6 | AF82: 12 | AG82: 9 | AH82: 2 | AJ82: 8 | AL82: 1 | AM82: 8 | AN82: 11 | AO82: 4 | BG82: =VLOOKUP($A82,订货1!$A82:$I324,9,0) -> 由厂商 | BH82: =VLOOKUP($A82,订货1!$A82:$H324,8,0) -> 上海承祖食品有限公司
A83: 720004 | B83: 彩椒丝 | C83: 冷蔵 | E83: 0.5kg | F83: 袋 | G83: 上海百蒂凯蔬果种植专业合作社 | H83: 上海承祖食品有限公司 | I83: 由厂商 | J83: 158阿克苏路店 | K83: =VLOOKUP($A83,订货1!$A83:$A325,1,0) -> 720004 | L83: =VLOOKUP($A83,订货1!$A83:$G325,7,0) -> 上海百蒂凯蔬果种植专业合作社 | M83: =VLOOKUP($A83,订货1!$A83:$B325,2,0) -> 彩椒丝 | N83: =$N$82 -> 45978 | O83: =VLOOKUP($A83,订货1!$A83:$C325,3,0) -> 冷蔵 | P83: =VLOOKUP($A83,订货1!$A83:$E325,5,0) -> 0.5kg | Q83: =VLOOKUP($A83,订货1!$A83:$F325,6,0) -> 袋 | R83: =IF(ROUNDUP(W83-Y83-X83,0)>=0,ROUNDUP((W83-Y83-X83),0),0) -> 0 | S83: 实验店 | T83: =SUMIF(预估营业额3!$B$3:$B$39,">="&$H$2,预估营业额3!$E$3:$E$39)-SUMIF(预估营业额3!$B$3:$B$39,">"&N83,预估营业额3!$E$3:$E$39) -> 0 | U83: 0 | V83: 1 | W83: =T83*U83*V83 -> 0 | X83: 0 | Y83: =Z83+AA83 -> 0 | BG83: =VLOOKUP($A83,订货1!$A83:$I325,9,0) -> 由厂商 | BH83: =VLOOKUP($A83,订货1!$A83:$H325,8,0) -> 上海承祖食品有限公司
A84: 720005 | B84: 蔬菜底料 | C84: 冷蔵 | E84: 1kg | F84: 袋 | G84: 上海百蒂凯蔬果种植专业合作社 | H84: 上海承祖食品有限公司 | I84: 由厂商 | J84: 159古北路店 | K84: =VLOOKUP($A84,订货1!$A84:$A326,1,0) -> 720005 | L84: =VLOOKUP($A84,订货1!$A84:$G326,7,0) -> 上海百蒂凯蔬果种植专业合作社 | M84: =VLOOKUP($A84,订货1!$A84:$B326,2,0) -> 蔬菜底料 | N84: =$N$82 -> 45978 | O84: =VLOOKUP($A84,订货1!$A84:$C326,3,0) -> 冷蔵 | P84: =VLOOKUP($A84,订货1!$A84:$E326,5,0) -> 1kg | Q84: =VLOOKUP($A84,订货1!$A84:$F326,6,0) -> 袋 | R84: =IF(ROUNDUP(W84-Y84-X84,0)>=0,ROUNDUP((W84-Y84-X84),0),0) -> 0 | S84: 其它 | T84: =SUMIF(预估营业额3!$B$3:$B$39,">="&$H$2,预估营业额3!$E$3:$E$39)-SUMIF(预估营业额3!$B$3:$B$39,">"&N84,预估营业额3!$E$3:$E$39) -> 0 | U84: 0.7646179 | V84: 1 | W84: =T84*U84*V84 -> 0 | X84: 2 | Y84: =Z84+AA84 -> 2 | Z84: 2 | AB84: 3 | AC84: 1 | AE84: 3 | AF84: 3 | AG84: 3 | AH84: 1 | AI84: 2 | AJ84: 2 | AM84: 6 | AN84: 2 | AO84: 3 | BG84: =VLOOKUP($A84,订货1!$A84:$I326,9,0) -> 由厂商 | BH84: =VLOOKUP($A84,订货1!$A84:$H326,8,0) -> 上海承祖食品有限公司
A85: 720006 | B85: 混合生菜 | C85: 冷蔵 | E85: 1kg | F85: 袋 | G85: 上海百蒂凯蔬果种植专业合作社 | H85: 上海承祖食品有限公司 | I85: 由厂商 | J85: 160武威路店 | K85: =VLOOKUP($A85,订货1!$A85:$A327,1,0) -> 720006 | L85: =VLOOKUP($A85,订货1!$A85:$G327,7,0) -> 上海百蒂凯蔬果种植专业合作社 | M85: =VLOOKUP($A85,订货1!$A85:$B327,2,0) -> 混合生菜 | N85: =$N$82 -> 45978 | O85: =VLOOKUP($A85,订货1!$A85:$C327,3,0) -> 冷蔵 | P85: =VLOOKUP($A85,订货1!$A85:$E327,5,0) -> 1kg | Q85: =VLOOKUP($A85,订货1!$A85:$F327,6,0) -> 袋 | R85: =IF(ROUNDUP(W85-Y85-X85,0)>=0,ROUNDUP((W85-Y85-X85),0),0) -> 0 | S85: 其它 | T85: =SUMIF(预估营业额3!$B$3:$B$39,">="&$H$2,预估营业额3!$E$3:$E$39)-SUMIF(预估营业额3!$B$3:$B$39,">"&N85,预估营业额3!$E$3:$E$39) -> 0 | U85: 0 | V85: 1 | W85: =T85*U85*V85 -> 0 | Y85: =Z85+AA85 -> 0 | BG85: =VLOOKUP($A85,订货1!$A85:$I327,9,0) -> 由厂商 | BH85: =VLOOKUP($A85,订货1!$A85:$H327,8,0) -> 上海承祖食品有限公司
A86: 720018 | B86: 小青菜 | C86: 冷蔵 | E86: 0.5kg | F86: 袋 | G86: 上海百蒂凯蔬果种植专业合作社 | H86: 上海承祖食品有限公司 | I86: 由厂商 | J86: 161南京百润路店 | K86: =VLOOKUP($A86,订货1!$A86:$A328,1,0) -> 720018 | L86: =VLOOKUP($A86,订货1!$A86:$G328,7,0) -> 上海百蒂凯蔬果种植专业合作社 | M86: =VLOOKUP($A86,订货1!$A86:$B328,2,0) -> 小青菜 | N86: =$N$82 -> 45978 | O86: =VLOOKUP($A86,订货1!$A86:$C328,3,0) -> 冷蔵 | P86: =VLOOKUP($A86,订货1!$A86:$E328,5,0) -> 0.5kg | Q86: =VLOOKUP($A86,订货1!$A86:$F328,6,0) -> 袋 | R86: =IF(ROUNDUP(W86-Y86-X86,0)>=0,ROUNDUP((W86-Y86-X86),0),0) -> 0 | S86: 其它 | T86: =SUMIF(预估营业额3!$B$3:$B$39,">="&$H$2,预估营业额3!$E$3:$E$39)-SUMIF(预估营业额3!$B$3:$B$39,">"&N86,预估营业额3!$E$3:$E$39) -> 0 | U86: 0 | V86: 1 | W86: =T86*U86*V86 -> 0 | Y86: =Z86+AA86 -> 0 | BG86: =VLOOKUP($A86,订货1!$A86:$I328,9,0) -> 由厂商 | BH86: =VLOOKUP($A86,订货1!$A86:$H328,8,0) -> 上海承祖食品有限公司
A87: 720008 | B87: 猕猴桃 | C87: 冷蔵 | E87: 0.08kg | F87: 个 | G87: 上海百蒂凯蔬果种植专业合作社 | H87: 上海承祖食品有限公司 | I87: 由厂商 | J87: 162年家浜路店 | K87: =VLOOKUP($A87,订货1!$A87:$A329,1,0) -> 720008 | L87: =VLOOKUP($A87,订货1!$A87:$G329,7,0) -> 上海百蒂凯蔬果种植专业合作社 | M87: =VLOOKUP($A87,订货1!$A87:$B329,2,0) -> 猕猴桃 | N87: =$N$82 -> 45978 | O87: =VLOOKUP($A87,订货1!$A87:$C329,3,0) -> 冷蔵 | P87: =VLOOKUP($A87,订货1!$A87:$E329,5,0) -> 0.08kg | Q87: =VLOOKUP($A87,订货1!$A87:$F329,6,0) -> 个 | R87: =IF(ROUNDUP(W87-Y87-X87,0)>=0,ROUNDUP((W87-Y87-X87),0),0) -> 0 | S87: 其它 | T87: =SUMIF(预估营业额3!$B$3:$B$39,">="&$H$2,预估营业额3!$E$3:$E$39)-SUMIF(预估营业额3!$B$3:$B$39,">"&N87,预估营业额3!$E$3:$E$39) -> 0 | U87: 0 | V87: 1 | W87: =T87*U87*V87 -> 0 | Y87: =Z87+AA87 -> 0 | BG87: =VLOOKUP($A87,订货1!$A87:$I329,9,0) -> 由厂商 | BH87: =VLOOKUP($A87,订货1!$A87:$H329,8,0) -> 上海承祖食品有限公司
A88: 720009 | B88: 大蒜 | C88: 冷蔵 | E88: 0.5kg | F88: 袋 | G88: 上海百蒂凯蔬果种植专业合作社 | H88: 上海承祖食品有限公司 | I88: 由厂商 | J88: 163南京华电路店 | K88: =VLOOKUP($A88,订货1!$A88:$A330,1,0) -> 720009 | L88: =VLOOKUP($A88,订货1!$A88:$G330,7,0) -> 上海百蒂凯蔬果种植专业合作社 | M88: =VLOOKUP($A88,订货1!$A88:$B330,2,0) -> 大蒜 | N88: =$N$82 -> 45978 | O88: =VLOOKUP($A88,订货1!$A88:$C330,3,0) -> 冷蔵 | P88: =VLOOKUP($A88,订货1!$A88:$E330,5,0) -> 0.5kg | Q88: =VLOOKUP($A88,订货1!$A88:$F330,6,0) -> 袋 | R88: =IF(ROUNDUP(W88-Y88-X88,0)>=0,ROUNDUP((W88-Y88-X88),0),0) -> 0 | S88: 4地域&教育店铺&123地域 | T88: =SUMIF(预估营业额3!$B$3:$B$39,">="&$H$2,预估营业额3!$E$3:$E$39)-SUMIF(预估营业额3!$B$3:$B$39,">"&N88,预估营业额3!$E$3:$E$39) -> 0 | U88: 0 | V88: 1 | W88: =T88*U88*V88 -> 0 | Y88: =Z88+AA88 -> 0 | BG88: =VLOOKUP($A88,订货1!$A88:$I330,9,0) -> 由厂商 | BH88: =VLOOKUP($A88,订货1!$A88:$H330,8,0) -> 上海承祖食品有限公司
A89: 720010 | B89: 番茄 | C89: 冷蔵 | E89: 0.5kg | F89: 袋 | G89: 上海百蒂凯蔬果种植专业合作社 | H89: 上海承祖食品有限公司 | I89: 由厂商 | J89: 164水产路店 | K89: =VLOOKUP($A89,订货1!$A89:$A331,1,0) -> 720010 | L89: =VLOOKUP($A89,订货1!$A89:$G331,7,0) -> 上海百蒂凯蔬果种植专业合作社 | M89: =VLOOKUP($A89,订货1!$A89:$B331,2,0) -> 番茄 | N89: =$N$82 -> 45978 | O89: =VLOOKUP($A89,订货1!$A89:$C331,3,0) -> 冷蔵 | P89: =VLOOKUP($A89,订货1!$A89:$E331,5,0) -> 0.5kg | Q89: =VLOOKUP($A89,订货1!$A89:$F331,6,0) -> 袋 | R89: =IF(ROUNDUP(W89-Y89-X89,0)>=0,ROUNDUP((W89-Y89-X89),0),0) -> 0 | S89: 4地域&教育店铺&123地域 | T89: =SUMIF(预估营业额3!$B$3:$B$39,">="&$H$2,预估营业额3!$E$3:$E$39)-SUMIF(预估营业额3!$B$3:$B$39,">"&N89,预估营业额3!$E$3:$E$39) -> 0 | U89: 0 | V89: 1 | W89: =T89*U89*V89 -> 0 | Y89: =Z89+AA89 -> 0 | BG89: =VLOOKUP($A89,订货1!$A89:$I331,9,0) -> 由厂商 | BH89: =VLOOKUP($A89,订货1!$A89:$H331,8,0) -> 上海承祖食品有限公司
A90: 720011 | B90: 芝麻菜 | C90: 冷蔵 | E90: 0.2kg | F90: 袋 | G90: 上海百蒂凯蔬果种植专业合作社 | H90: 上海承祖食品有限公司 | I90: 由厂商 | J90: 165蒲汇路店（松江） | K90: =VLOOKUP($A90,订货1!$A90:$A332,1,0) -> 720011 | L90: =VLOOKUP($A90,订货1!$A90:$G332,7,0) -> 上海百蒂凯蔬果种植专业合作社 | M90: =VLOOKUP($A90,订货1!$A90:$B332,2,0) -> 芝麻菜 | N90: =$N$82 -> 45978 | O90: =VLOOKUP($A90,订货1!$A90:$C332,3,0) -> 冷蔵 | P90: =VLOOKUP($A90,订货1!$A90:$E332,5,0) -> 0.2kg | Q90: =VLOOKUP($A90,订货1!$A90:$F332,6,0) -> 袋 | R90: =IF(ROUNDUP(W90-Y90-X90,0)>=0,ROUNDUP((W90-Y90-X90),0),0) -> 0 | S90: 全店 | T90: =SUMIF(预估营业额3!$B$3:$B$39,">="&$H$2,预估营业额3!$E$3:$E$39)-SUMIF(预估营业额3!$B$3:$B$39,">"&N90,预估营业额3!$E$3:$E$39) -> 0 | U90: 0.75483303 | V90: 1 | W90: =T90*U90*V90 -> 0 | X90: 3 | Y90: =Z90+AA90 -> 3 | Z90: 3 | AB90: 1 | AC90: 2 | AE90: 1 | AF90: 3 | AG90: 4 | AH90: 1 | AI90: 1 | AJ90: 2 | AM90: 3 | AN90: 3 | AO90: 1 | BG90: =VLOOKUP($A90,订货1!$A90:$I332,9,0) -> 由厂商 | BH90: =VLOOKUP($A90,订货1!$A90:$H332,8,0) -> 上海承祖食品有限公司
A91: 720012 | B91: 柠檬 | C91: 冷蔵 | E91: 0.08kg | F91: 袋 | G91: 上海百蒂凯蔬果种植专业合作社 | H91: 上海承祖食品有限公司 | I91: 由厂商 | J91: 166江镇新都会店 | K91: =VLOOKUP($A91,订货1!$A91:$A333,1,0) -> 720012 | L91: =VLOOKUP($A91,订货1!$A91:$G333,7,0) -> 上海百蒂凯蔬果种植专业合作社 | M91: =VLOOKUP($A91,订货1!$A91:$B333,2,0) -> 柠檬 | N91: =$N$82 -> 45978 | O91: =VLOOKUP($A91,订货1!$A91:$C333,3,0) -> 冷蔵 | P91: =VLOOKUP($A91,订货1!$A91:$E333,5,0) -> 0.08kg | Q91: =VLOOKUP($A91,订货1!$A91:$F333,6,0) -> 袋 | R91: =IF(ROUNDUP(W91-Y91-X91,0)>=0,ROUNDUP((W91-Y91-X91),0),0) -> 0 | S91: 4地域&教育店铺&123地域 | T91: =SUMIF(预估营业额3!$B$3:$B$39,">="&$H$2,预估营业额3!$E$3:$E$39)-SUMIF(预估营业额3!$B$3:$B$39,">"&N91,预估营业额3!$E$3:$E$39) -> 0 | U91: 0 | V91: 1 | W91: =T91*U91*V91 -> 0 | Y91: =Z91+AA91 -> 0 | BG91: =VLOOKUP($A91,订货1!$A91:$I333,9,0) -> 由厂商 | BH91: =VLOOKUP($A91,订货1!$A91:$H333,8,0) -> 上海承祖食品有限公司
A92: 720013 | B92: 火龙果 | C92: 冷蔵 | E92: 0.6kg | F92: 个 | G92: 上海百蒂凯蔬果种植专业合作社 | H92: 上海承祖食品有限公司 | I92: 由厂商 | J92: 167崮山路店 | K92: =VLOOKUP($A92,订货1!$A92:$A334,1,0) -> 720013 | L92: =VLOOKUP($A92,订货1!$A92:$G334,7,0) -> 上海百蒂凯蔬果种植专业合作社 | M92: =VLOOKUP($A92,订货1!$A92:$B334,2,0) -> 火龙果 | N92: =$N$82 -> 45978 | O92: =VLOOKUP($A92,订货1!$A92:$C334,3,0) -> 冷蔵 | P92: =VLOOKUP($A92,订货1!$A92:$E334,5,0) -> 0.6kg | Q92: =VLOOKUP($A92,订货1!$A92:$F334,6,0) -> 个 | R92: =IF(ROUNDUP(W92-Y92-X92,0)>=0,ROUNDUP((W92-Y92-X92),0),0) -> 0 | S92: 其它 | T92: =SUMIF(预估营业额3!$B$3:$B$39,">="&$H$2,预估营业额3!$E$3:$E$39)-SUMIF(预估营业额3!$B$3:$B$39,">"&N92,预估营业额3!$E$3:$E$39) -> 0 | U92: 0 | V92: 1.1 | W92: =T92*U92*V92 -> 0 | Y92: =Z92+AA92 -> 0 | BG92: =VLOOKUP($A92,订货1!$A92:$I334,9,0) -> 由厂商 | BH92: =VLOOKUP($A92,订货1!$A92:$H334,8,0) -> 上海承祖食品有限公司
A93: 720014 | B93: 牛肚配菜(实验店铺用） | C93: 冷蔵 | E93: 0.1kg | F93: 袋 | G93: 上海百蒂凯蔬果种植专业合作社 | H93: 上海承祖食品有限公司 | I93: 由厂商 | J93: 168陈春路店 | K93: =VLOOKUP($A93,订货1!$A93:$A335,1,0) -> 720014 | L93: =VLOOKUP($A93,订货1!$A93:$G335,7,0) -> 上海百蒂凯蔬果种植专业合作社 | M93: =VLOOKUP($A93,订货1!$A93:$B335,2,0) -> 牛肚配菜(实验店铺用） | N93: =$N$82 -> 45978 | O93: =VLOOKUP($A93,订货1!$A93:$C335,3,0) -> 冷蔵 | P93: =VLOOKUP($A93,订货1!$A93:$E335,5,0) -> 0.1kg | Q93: =VLOOKUP($A93,订货1!$A93:$F335,6,0) -> 袋 | R93: =IF(ROUNDUP(W93-Y93-X93,0)>=0,ROUNDUP((W93-Y93-X93),0),0) -> 0 | S93: 4地域&教育店铺&123地域 | T93: =SUMIF(预估营业额3!$B$3:$B$39,">="&$H$2,预估营业额3!$E$3:$E$39)-SUMIF(预估营业额3!$B$3:$B$39,">"&N93,预估营业额3!$E$3:$E$39) -> 0 | U93: 0 | V93: 1 | W93: =T93*U93*V93 -> 0 | Y93: =Z93+AA93 -> 0 | BG93: =VLOOKUP($A93,订货1!$A93:$I335,9,0) -> 由厂商 | BH93: =VLOOKUP($A93,订货1!$A93:$H335,8,0) -> 上海承祖食品有限公司
A94: 720017 | B94: 混合色拉 | C94: 冷蔵 | E94: 0.6kg | F94: 袋 | G94: 上海百蒂凯蔬果种植专业合作社 | H94: 上海承祖食品有限公司 | I94: 由厂商 | J94: 169鹤庆路店（松江） | K94: =VLOOKUP($A94,订货1!$A94:$A336,1,0) -> 720017 | L94: =VLOOKUP($A94,订货1!$A94:$G336,7,0) -> 上海百蒂凯蔬果种植专业合作社 | M94: =VLOOKUP($A94,订货1!$A94:$B336,2,0) -> 混合色拉 | N94: =$N$82 -> 45978 | O94: =VLOOKUP($A94,订货1!$A94:$C336,3,0) -> 冷蔵 | P94: =VLOOKUP($A94,订货1!$A94:$E336,5,0) -> 0.6kg | Q94: =VLOOKUP($A94,订货1!$A94:$F336,6,0) -> 袋 | R94: =IF(ROUNDUP(W94-Y94-X94,0)>=0,ROUNDUP((W94-Y94-X94),0),0) -> 0 | S94: 其它 | T94: =SUMIF(预估营业额3!$B$3:$B$39,">="&$H$2,预估营业额3!$E$3:$E$39)-SUMIF(预估营业额3!$B$3:$B$39,">"&N94,预估营业额3!$E$3:$E$39) -> 0 | U94: 2.95 | V94: 1 | W94: =T94*U94*V94 -> 0 | X94: 10 | Y94: =Z94+AA94 -> 11 | Z94: 11 | AC94: 5 | AE94: 8 | AF94: 14 | AG94: 10 | AH94: 1 | AI94: 3 | AJ94: 7 | AL94: 3 | AM94: 15 | AN94: 11 | AO94: 5 | BG94: =VLOOKUP($A94,订货1!$A94:$I336,9,0) -> 由厂商 | BH94: =VLOOKUP($A94,订货1!$A94:$H336,8,0) -> 上海承祖食品有限公司
A95: 101332 | B95: 早餐培根1 | C95: 冷凍 | E95: 1kg*12pc | F95: 箱 | G95: 上海蓬澜食品有限公司 | H95: 湖南知味大师食品有限公司 | I95: 由仓库 | J95: 170南京软件大道店 | K95: =VLOOKUP($A95,订货1!$A95:$A337,1,0) -> 101332 | L95: =VLOOKUP($A95,订货1!$A95:$G337,7,0) -> 上海蓬澜食品有限公司 | M95: =VLOOKUP($A95,订货1!$A95:$B337,2,0) -> 早餐培根1 | N95: =$N$4 -> 45978 | O95: =VLOOKUP($A95,订货1!$A95:$C337,3,0) -> 冷凍 | P95: =VLOOKUP($A95,订货1!$A95:$E337,5,0) -> 1kg*12pc | Q95: =VLOOKUP($A95,订货1!$A95:$F337,6,0) -> 箱 | R95: =IF(ROUNDUP(W95-Y95-X95,0)>=0,ROUNDUP((W95-Y95-X95),0),0) -> 0 | S95: 全店 | T95: =SUMIF(预估营业额3!$B$3:$B$39,">="&$H$2,预估营业额3!$E$3:$E$39)-SUMIF(预估营业额3!$B$3:$B$39,">"&N95,预估营业额3!$E$3:$E$39) -> 0 | U95: 0.134 | V95: 1 | W95: =T95*U95*V95 -> 0 | X95: 1 | Y95: =Z95+AA95 -> 1 | Z95: 1 | AG95: 1 | AJ95: 1 | AN95: 1 | BG95: =VLOOKUP($A95,订货1!$A95:$I337,9,0) -> 由仓库 | BH95: =VLOOKUP($A95,订货1!$A95:$H337,8,0) -> 湖南知味大师食品有限公司
A96: 101745 | B96: 小可颂 | C96: 冷凍 | E96: 20g*50pc | F96: 箱 | G96: 威海佳康食品有限公司 | H96: 威海佳康食品有限公司 | I96: 由仓库 | J96: 171高科东路店 | K96: =VLOOKUP($A96,订货1!$A96:$A338,1,0) -> 101745 | L96: =VLOOKUP($A96,订货1!$A96:$G338,7,0) -> 威海佳康食品有限公司 | M96: =VLOOKUP($A96,订货1!$A96:$B338,2,0) -> 小可颂 | N96: =$N$4 -> 45978 | O96: =VLOOKUP($A96,订货1!$A96:$C338,3,0) -> 冷凍 | P96: =VLOOKUP($A96,订货1!$A96:$E338,5,0) -> 20g*50pc | Q96: =VLOOKUP($A96,订货1!$A96:$F338,6,0) -> 箱 | R96: =IF(ROUNDUP(W96-Y96-X96,0)>=0,ROUNDUP((W96-Y96-X96),0),0) -> 0 | S96: 全店 | T96: =SUMIF(预估营业额3!$B$3:$B$39,">="&$H$2,预估营业额3!$E$3:$E$39)-SUMIF(预估营业额3!$B$3:$B$39,">"&N96,预估营业额3!$E$3:$E$39) -> 0 | U96: 0.050322202 | V96: 1.1 | W96: =T96*U96*V96 -> 0 | X96: 0.5 | Y96: =Z96+AA96 -> 1 | Z96: 1 | AC96: 1 | AN96: 1 | BG96: =VLOOKUP($A96,订货1!$A96:$I338,9,0) -> 由仓库 | BH96: =VLOOKUP($A96,订货1!$A96:$H338,8,0) -> 威海佳康食品有限公司
A97: 101589 | B97: 蓝莓（糖浆） | C97: 常温 | E97: 5kg*4pc | F97: 箱 | G97: 承武贸易（上海）有限公司 | H97: 山东泰乐源农业科技有限公司 | I97: 由仓库 | J97: 172国和路店 | K97: =VLOOKUP($A97,订货1!$A97:$A339,1,0) -> 101589 | L97: =VLOOKUP($A97,订货1!$A97:$G339,7,0) -> 承武贸易（上海）有限公司 | M97: =VLOOKUP($A97,订货1!$A97:$B339,2,0) -> 蓝莓（糖浆） | N97: =$N$4 -> 45978 | O97: =VLOOKUP($A97,订货1!$A97:$C339,3,0) -> 常温 | P97: =VLOOKUP($A97,订货1!$A97:$E339,5,0) -> 5kg*4pc | Q97: =VLOOKUP($A97,订货1!$A97:$F339,6,0) -> 箱 | R97: =IF(ROUNDUP(W97-Y97-X97,0)>=0,ROUNDUP((W97-Y97-X97),0),0) -> 0 | S97: 其它 | T97: =SUMIF(预估营业额3!$B$3:$B$39,">="&$H$2,预估营业额3!$E$3:$E$39)-SUMIF(预估营业额3!$B$3:$B$39,">"&N97,预估营业额3!$E$3:$E$39) -> 0 | U97: 0.013978389 | V97: 1 | W97: =T97*U97*V97 -> 0 | X97: 1 | Y97: =Z97+AA97 -> 0 | BG97: =VLOOKUP($A97,订货1!$A97:$I339,9,0) -> 由仓库 | BH97: =VLOOKUP($A97,订货1!$A97:$H339,8,0) -> 山东泰乐源农业科技有限公司
A98: 710001 | B98: 可口可乐糖浆 | C98: 常温 | E98: 20L | F98: 箱 | G98: 浙江太古可口可乐饮料有限公司 | H98: 浙江太古可口可乐饮料有限公司 | I98: 由厂商 | J98: 173江桥万达店 | K98: =VLOOKUP($A98,订货1!$A98:$A340,1,0) -> 710001 | L98: =VLOOKUP($A98,订货1!$A98:$G340,7,0) -> 浙江太古可口可乐饮料有限公司 | M98: =VLOOKUP($A98,订货1!$A98:$B340,2,0) -> 可口可乐糖浆 | O98: =VLOOKUP($A98,订货1!$A98:$C340,3,0) -> 常温 | P98: =VLOOKUP($A98,订货1!$A98:$E340,5,0) -> 20L | Q98: =VLOOKUP($A98,订货1!$A98:$F340,6,0) -> 箱 | R98: =IF(ROUNDUP(W98-Y98-X98,0)>=0,ROUNDUP((W98-Y98-X98),0),0) -> 0 | S98: 浙江店（嘉兴桐乡除外） | T98: =SUMIF(预估营业额3!$B$3:$B$39,">="&$H$2,预估营业额3!$E$3:$E$39)-SUMIF(预估营业额3!$B$3:$B$39,">"&N98,预估营业额3!$E$3:$E$39) -> 38.3 | U98: 0 | V98: 1 | W98: =T98*U98*V98 -> 0 | X98: 0 | Y98: =Z98+AA98 -> 0 | BG98: =VLOOKUP($A98,订货1!$A98:$I340,9,0) -> 由厂商 | BH98: =VLOOKUP($A98,订货1!$A98:$H340,8,0) -> 浙江太古可口可乐饮料有限公司
A99: 710002 | B99: 雪碧糖浆 | C99: 常温 | E99: 10L | F99: 箱 | G99: 浙江太古可口可乐饮料有限公司 | H99: 浙江太古可口可乐饮料有限公司 | I99: 由厂商 | J99: 174沪太路店（松江） | K99: =VLOOKUP($A99,订货1!$A99:$A341,1,0) -> 710002 | L99: =VLOOKUP($A99,订货1!$A99:$G341,7,0) -> 浙江太古可口可乐饮料有限公司 | M99: =VLOOKUP($A99,订货1!$A99:$B341,2,0) -> 雪碧糖浆 | N99: =N98 -> 0 | O99: =VLOOKUP($A99,订货1!$A99:$C341,3,0) -> 常温 | P99: =VLOOKUP($A99,订货1!$A99:$E341,5,0) -> 10L | Q99: =VLOOKUP($A99,订货1!$A99:$F341,6,0) -> 箱 | R99: =IF(ROUNDUP(W99-Y99-X99,0)>=0,ROUNDUP((W99-Y99-X99),0),0) -> 0 | S99: 浙江店（嘉兴桐乡除外） | T99: =SUMIF(预估营业额3!$B$3:$B$39,">="&$H$2,预估营业额3!$E$3:$E$39)-SUMIF(预估营业额3!$B$3:$B$39,">"&N99,预估营业额3!$E$3:$E$39) -> -39.438 | U99: 0 | V99: 1 | W99: =T99*U99*V99 -> 0 | X99: 0 | Y99: =Z99+AA99 -> 0 | BG99: =VLOOKUP($A99,订货1!$A99:$I341,9,0) -> 由厂商 | BH99: =VLOOKUP($A99,订货1!$A99:$H341,8,0) -> 浙江太古可口可乐饮料有限公司
A100: 101771 | B100: 罗勒松子调味酱 | C100: 冷凍 | E100: 500g*20pc | F100: 箱 | G100: 广州萨莉亚食品有限公司 | H100: 广州萨莉亚食品有限公司 | I100: 由仓库 | J100: 175东靖路二店 | K100: =VLOOKUP($A100,订货1!$A100:$A342,1,0) -> 101771 | L100: =VLOOKUP($A100,订货1!$A100:$G342,7,0) -> 广州萨莉亚食品有限公司 | M100: =VLOOKUP($A100,订货1!$A100:$B342,2,0) -> 罗勒松子调味酱 | N100: =$N$4 -> 45978 | O100: =VLOOKUP($A100,订货1!$A100:$C342,3,0) -> 冷凍 | P100: =VLOOKUP($A100,订货1!$A100:$E342,5,0) -> 500g*20pc | Q100: =VLOOKUP($A100,订货1!$A100:$F342,6,0) -> 箱 | R100: =IF(ROUNDUP(W100-Y100-X100,0)>=0,ROUNDUP((W100-Y100-X100),0),0) -> 0 | S100: 实验店 | T100: =SUMIF(预估营业额3!$B$3:$B$39,">="&$H$2,预估营业额3!$E$3:$E$39)-SUMIF(预估营业额3!$B$3:$B$39,">"&N100,预估营业额3!$E$3:$E$39) -> 0 | U100: 0 | V100: 1 | W100: =T100*U100*V100 -> 0 | X100: 0 | Y100: =Z100+AA100 -> 0 | BG100: =VLOOKUP($A100,订货1!$A100:$I342,9,0) -> 由仓库 | BH100: =VLOOKUP($A100,订货1!$A100:$H342,8,0) -> 广州萨莉亚食品有限公司
...

Sheet 店铺收货台帐2
B1: 注意事项：①数量将从“订货1”自动导入。②生产日期、保质期按实际填写（填写方法如下:2019/1/21）。 | DH1: 店营业额↓
B2: ③盘库未开封最小原始包装单位（即：Ｅ列末尾标示单位→袋、瓶、罐、块） | I2: 1日 | L2: 2日 | O2: =订货1!AB3+2 -> 45964 | R2: =O2+1 -> 45965 | U2: =R2+1 -> 45966 | X2: =U2+1 -> 45967 | AA2: =X2+1 -> 45968 | AD2: =AA2+1 -> 45969 | AG2: =AD2+1 -> 45970 | AJ2: =AG2+1 -> 45971 | AM2: =AJ2+1 -> 45972 | AP2: =AM2+1 -> 45973 | AS2: =AP2+1 -> 45974 | AV2: =AS2+1 -> 45975 | AY2: =AV2+1 -> 45976 | BB2: =AY2+1 -> 45977 | BE2: =BB2+1 -> 45978 | BH2: =BE2+1 -> 45979 | BK2: =BH2+1 -> 45980 | BN2: =BK2+1 -> 45981 | BQ2: =BN2+1 -> 45982 | BT2: =BQ2+1 -> 45983 | BW2: =BT2+1 -> 45984 | BZ2: =BW2+1 -> 45985 | CC2: =BZ2+1 -> 45986 | CF2: =CC2+1 -> 45987 | CI2: =CF2+1 -> 45988 | CL2: =CI2+1 -> 45989 | CO2: =CL2+1 -> 45990 | CR2: =CO2+1 -> 45991 | CU2: =CR2+1 -> 45992 | CX2: =CU2+1 -> 45993 | DA2: =CX2+1 -> 45994
B3: 供应商名称 | D3: 商品名称 | E3: 规格 | F3: 单位 | G3: 本月盘库数 | H3: 合计 | I3: 数量 | J3: 生产日期 | K3: 保质期 | L3: 数量 | M3: 生产日期 | N3: 保质期 | O3: 数量 | P3: 生产日期 | Q3: 保质期 | R3: 数量 | S3: 生产日期 | T3: 保质期 | U3: 数量 | V3: 生产日期 | W3: 保质期 | X3: 数量 | Y3: 生产日期 | Z3: 保质期 | AA3: 数量 | AB3: 生产日期 | AC3: 保质期 | AD3: 数量 | AE3: 生产日期 | AF3: 保质期 | AG3: 数量 | AH3: 生产日期 | AI3: 保质期 | AJ3: 数量 | AK3: 生产日期 | AL3: 保质期 | AM3: 数量 | AN3: 生产日期 | AO3: 保质期 | AP3: 数量 | AQ3: 生产日期 | AR3: 保质期 | AS3: 数量 | AT3: 生产日期 | AU3: 保质期 | AV3: 数量 | AW3: 生产日期 | AX3: 保质期 | AY3: 数量 | AZ3: 生产日期 | BA3: 保质期 | BB3: 数量 | BC3: 生产日期 | BD3: 保质期 | BE3: 数量 | BF3: 生产日期 | BG3: 保质期 | BH3: 数量 | BI3: 生产日期 | BJ3: 保质期 | BK3: 数量 | BL3: 生产日期 | BM3: 保质期 | BN3: 数量 | BO3: 生产日期 | BP3: 保质期 | BQ3: 数量 | BR3: 生产日期 | BS3: 保质期 | BT3: 数量 | BU3: 生产日期 | BV3: 保质期 | BW3: 数量 | BX3: 生产日期 | BY3: 保质期 | BZ3: 数量 | CA3: 生产日期 | CB3: 保质期 | CC3: 数量 | CD3: 生产日期 | CE3: 保质期 | CF3: 数量 | CG3: 生产日期 | CH3: 保质期 | CI3: 数量 | CJ3: 生产日期 | CK3: 保质期 | CL3: 数量 | CM3: 生产日期 | CN3: 保质期 | CO3: 数量 | CP3: 生产日期 | CQ3: 保质期 | CR3: 数量 | CS3: 生产日期 | CT3: 保质期 | CU3: 数量 | CV3: 生产日期 | CW3: 保质期 | CX3: 数量 | CY3: 生产日期 | CZ3: 保质期 | DA3: 数量 | DB3: 生产日期 | DC3: 保质期 | DD3: 上月盘库数 | DE3: 本月盘库数 | DF3: 月实用 | DG3: 单位 | DH3: 万元使用量
A4: =订货1!A4 -> 101729 | B4: =VLOOKUP($A4,订货1!$A4:$G243,7,0) -> 熠沣实业（上海）有限公司 | C4: =VLOOKUP($A4,订货1!$A4:$H243,8,0) -> 启东欧瑞食品有限公司 | D4: =VLOOKUP($A4,订货1!$A4:$B243,2,0) -> 可可粉 | E4: =VLOOKUP($A4,订货1!$A4:$E243,5,0) -> 0.5kg | F4: =VLOOKUP($A4,订货1!$A4:$F243,6,0) -> 包 | H4: =O4+R4+X4+AA4+AD4+AG4+AJ4+AM4+AP4+AS4+AV4+AY4+BB4+BE4+BH4+BK4+BN4+BQ4+BT4+BW4+BZ4+CC4+CF4+CI4+CL4+CO4+CR4+U4+I4+L4 -> 0 | O4: =订货1!AB4 -> 0 | R4: =订货1!AC4 -> 0 | U4: =订货1!AD4 -> 0 | X4: =订货1!AE4 -> 0 | AA4: =订货1!AF4 -> 0 | AD4: =订货1!AG4 -> 0 | AG4: =订货1!AH4 -> 0 | AJ4: =订货1!AI4 -> 0 | AM4: =订货1!AJ4 -> 0 | AP4: =订货1!AK4 -> 0 | AS4: =订货1!AL4 -> 0 | AV4: =订货1!AM4 -> 0 | AY4: =订货1!AN4 -> 0 | BB4: =订货1!AO4 -> 0 | BE4: =订货1!AP4 -> 0 | BH4: =订货1!AQ4 -> 0 | BK4: =订货1!AR4 -> 0 | BN4: =订货1!AS4 -> 0 | BQ4: =订货1!AT4 -> 0 | BT4: =订货1!AU4 -> 0 | BW4: =订货1!AV4 -> 0 | BZ4: =订货1!AW4 -> 0 | CC4: =订货1!AX4 -> 0 | CF4: =订货1!AY4 -> 0 | CI4: =订货1!AZ4 -> 0 | CL4: =订货1!BA4 -> 0 | CO4: =订货1!BB4 -> 0 | CR4: =订货1!BC4 -> 0 | CU4: =订货1!BD4 -> 0 | CX4: =订货1!BE4 -> 0 | DA4: =订货1!BF4 -> 0 | DD4: 0 | DE4: =INT(G4/DI4) -> #DIV/0! | DF4: =IFERROR(DD4+H4-G4,"") -> 0 | DG4: =订货1!$Q4 -> 包 | DH4: =DF4/($DH$2/10000) -> #DIV/0!
A5: =订货1!A5 -> 101727 | B5: =VLOOKUP($A5,订货1!$A5:$G244,7,0) -> 青岛亚是加食品有限公司 | C5: =VLOOKUP($A5,订货1!$A5:$H244,8,0) -> 青岛亚是加食品有限公司 | D5: =VLOOKUP($A5,订货1!$A5:$B244,2,0) -> 冷冻意大利面 | E5: =VLOOKUP($A5,订货1!$A5:$E244,5,0) -> 200g*30 | F5: =VLOOKUP($A5,订货1!$A5:$F244,6,0) -> 箱 | H5: =O5+R5+X5+AA5+AD5+AG5+AJ5+AM5+AP5+AS5+AV5+AY5+BB5+BE5+BH5+BK5+BN5+BQ5+BT5+BW5+BZ5+CC5+CF5+CI5+CL5+CO5+CR5+U5+I5+L5 -> 0 | O5: =订货1!AB5 -> 0 | R5: =订货1!AC5 -> 0 | U5: =订货1!AD5 -> 0 | X5: =订货1!AE5 -> 0 | AA5: =订货1!AF5 -> 0 | AD5: =订货1!AG5 -> 0 | AG5: =订货1!AH5 -> 0 | AJ5: =订货1!AI5 -> 0 | AM5: =订货1!AJ5 -> 0 | AP5: =订货1!AK5 -> 0 | AS5: =订货1!AL5 -> 0 | AV5: =订货1!AM5 -> 0 | AY5: =订货1!AN5 -> 0 | BB5: =订货1!AO5 -> 0 | BE5: =订货1!AP5 -> 0 | BH5: =订货1!AQ5 -> 0 | BK5: =订货1!AR5 -> 0 | BN5: =订货1!AS5 -> 0 | BQ5: =订货1!AT5 -> 0 | BT5: =订货1!AU5 -> 0 | BW5: =订货1!AV5 -> 0 | BZ5: =订货1!AW5 -> 0 | CC5: =订货1!AX5 -> 0 | CF5: =订货1!AY5 -> 0 | CI5: =订货1!AZ5 -> 0 | CL5: =订货1!BA5 -> 0 | CO5: =订货1!BB5 -> 0 | CR5: =订货1!BC5 -> 0 | CU5: =订货1!BD5 -> 0 | CX5: =订货1!BE5 -> 0 | DA5: =订货1!BF5 -> 0 | DD5: 0 | DE5: =INT(G5/DI5) -> #DIV/0! | DF5: =IFERROR(DD5+H5-G5,"") -> 0 | DG5: =订货1!$Q5 -> 箱 | DH5: =DF5/($DH$2/10000) -> #DIV/0!
A6: =订货1!A6 -> 101730 | B6: =VLOOKUP($A6,订货1!$A6:$G245,7,0) -> 卓典食品科技（江苏）有限公司 | C6: =VLOOKUP($A6,订货1!$A6:$H245,8,0) -> 卓典食品科技（江苏）有限公司 | D6: =VLOOKUP($A6,订货1!$A6:$B245,2,0) -> 利梭多粉 | E6: =VLOOKUP($A6,订货1!$A6:$E245,5,0) -> 33g*20包*20袋/箱 | F6: =VLOOKUP($A6,订货1!$A6:$F245,6,0) -> 箱 | H6: =O6+R6+X6+AA6+AD6+AG6+AJ6+AM6+AP6+AS6+AV6+AY6+BB6+BE6+BH6+BK6+BN6+BQ6+BT6+BW6+BZ6+CC6+CF6+CI6+CL6+CO6+CR6+U6+I6+L6 -> 0 | O6: =订货1!AB6 -> 0 | R6: =订货1!AC6 -> 0 | U6: =订货1!AD6 -> 0 | X6: =订货1!AE6 -> 0 | AA6: =订货1!AF6 -> 0 | AD6: =订货1!AG6 -> 0 | AG6: =订货1!AH6 -> 0 | AJ6: =订货1!AI6 -> 0 | AM6: =订货1!AJ6 -> 0 | AP6: =订货1!AK6 -> 0 | AS6: =订货1!AL6 -> 0 | AV6: =订货1!AM6 -> 0 | AY6: =订货1!AN6 -> 0 | BB6: =订货1!AO6 -> 0 | BE6: =订货1!AP6 -> 0 | BH6: =订货1!AQ6 -> 0 | BK6: =订货1!AR6 -> 0 | BN6: =订货1!AS6 -> 0 | BQ6: =订货1!AT6 -> 0 | BT6: =订货1!AU6 -> 0 | BW6: =订货1!AV6 -> 0 | BZ6: =订货1!AW6 -> 0 | CC6: =订货1!AX6 -> 0 | CF6: =订货1!AY6 -> 0 | CI6: =订货1!AZ6 -> 0 | CL6: =订货1!BA6 -> 0 | CO6: =订货1!BB6 -> 0 | CR6: =订货1!BC6 -> 0 | CU6: =订货1!BD6 -> 0 | CX6: =订货1!BE6 -> 0 | DA6: =订货1!BF6 -> 0 | DD6: 0 | DE6: =INT(G6/DI6) -> #DIV/0! | DF6: =IFERROR(DD6+H6-G6,"") -> 0 | DG6: =订货1!$Q6 -> 箱 | DH6: =DF6/($DH$2/10000) -> #DIV/0!
A7: =订货1!A7 -> 101739 | B7: =VLOOKUP($A7,订货1!$A7:$G246,7,0) -> 沈阳华美食品有限公司 | C7: =VLOOKUP($A7,订货1!$A7:$H246,8,0) -> 沈阳华美食品有限公司 | D7: =VLOOKUP($A7,订货1!$A7:$B246,2,0) -> 华美裹粉鸡胗 | E7: =VLOOKUP($A7,订货1!$A7:$E246,5,0) -> 40g*20*12 | F7: =VLOOKUP($A7,订货1!$A7:$F246,6,0) -> 箱 | H7: =O7+R7+X7+AA7+AD7+AG7+AJ7+AM7+AP7+AS7+AV7+AY7+BB7+BE7+BH7+BK7+BN7+BQ7+BT7+BW7+BZ7+CC7+CF7+CI7+CL7+CO7+CR7+U7+I7+L7 -> 0 | O7: =订货1!AB7 -> 0 | R7: =订货1!AC7 -> 0 | U7: =订货1!AD7 -> 0 | X7: =订货1!AE7 -> 0 | AA7: =订货1!AF7 -> 0 | AD7: =订货1!AG7 -> 0 | AG7: =订货1!AH7 -> 0 | AJ7: =订货1!AI7 -> 0 | AM7: =订货1!AJ7 -> 0 | AP7: =订货1!AK7 -> 0 | AS7: =订货1!AL7 -> 0 | AV7: =订货1!AM7 -> 0 | AY7: =订货1!AN7 -> 0 | BB7: =订货1!AO7 -> 0 | BE7: =订货1!AP7 -> 0 | BH7: =订货1!AQ7 -> 0 | BK7: =订货1!AR7 -> 0 | BN7: =订货1!AS7 -> 0 | BQ7: =订货1!AT7 -> 0 | BT7: =订货1!AU7 -> 0 | BW7: =订货1!AV7 -> 0 | BZ7: =订货1!AW7 -> 0 | CC7: =订货1!AX7 -> 0 | CF7: =订货1!AY7 -> 0 | CI7: =订货1!AZ7 -> 0 | CL7: =订货1!BA7 -> 0 | CO7: =订货1!BB7 -> 0 | CR7: =订货1!BC7 -> 0 | CU7: =订货1!BD7 -> 0 | CX7: =订货1!BE7 -> 0 | DA7: =订货1!BF7 -> 0 | DD7: 0 | DE7: =INT(G7/DI7) -> #DIV/0! | DF7: =IFERROR(DD7+H7-G7,"") -> 0 | DG7: =订货1!$Q7 -> 箱 | DH7: =DF7/($DH$2/10000) -> #DIV/0!
A8: =订货1!A8 -> 101752 | B8: =VLOOKUP($A8,订货1!$A8:$G248,7,0) -> 山東三涛食品有限公司 | C8: =VLOOKUP($A8,订货1!$A8:$H248,8,0) -> 山東三涛食品有限公司 | D8: =VLOOKUP($A8,订货1!$A8:$B248,2,0) -> 冷冻土豆泥 | E8: =VLOOKUP($A8,订货1!$A8:$E248,5,0) -> 1kg*10 | F8: =VLOOKUP($A8,订货1!$A8:$F248,6,0) -> 箱 | H8: =O8+R8+X8+AA8+AD8+AG8+AJ8+AM8+AP8+AS8+AV8+AY8+BB8+BE8+BH8+BK8+BN8+BQ8+BT8+BW8+BZ8+CC8+CF8+CI8+CL8+CO8+CR8+U8+I8+L8 -> 0 | O8: =订货1!AB8 -> 0 | R8: =订货1!AC8 -> 0 | U8: =订货1!AD8 -> 0 | X8: =订货1!AE8 -> 0 | AA8: =订货1!AF8 -> 0 | AD8: =订货1!AG8 -> 0 | AG8: =订货1!AH8 -> 0 | AJ8: =订货1!AI8 -> 0 | AM8: =订货1!AJ8 -> 0 | AP8: =订货1!AK8 -> 0 | AS8: =订货1!AL8 -> 0 | AV8: =订货1!AM8 -> 0 | AY8: =订货1!AN8 -> 0 | BB8: =订货1!AO8 -> 0 | BE8: =订货1!AP8 -> 0 | BH8: =订货1!AQ8 -> 0 | BK8: =订货1!AR8 -> 0 | BN8: =订货1!AS8 -> 0 | BQ8: =订货1!AT8 -> 0 | BT8: =订货1!AU8 -> 0 | BW8: =订货1!AV8 -> 0 | BZ8: =订货1!AW8 -> 0 | CC8: =订货1!AX8 -> 0 | CF8: =订货1!AY8 -> 0 | CI8: =订货1!AZ8 -> 0 | CL8: =订货1!BA8 -> 0 | CO8: =订货1!BB8 -> 0 | CR8: =订货1!BC8 -> 0 | CU8: =订货1!BD8 -> 0 | CX8: =订货1!BE8 -> 0 | DA8: =订货1!BF8 -> 0 | DD8: 0 | DE8: =INT(G8/DI8) -> #DIV/0! | DF8: =IFERROR(DD8+H8-G8,"") -> 0 | DG8: =订货1!$Q8 -> 箱 | DH8: =DF8/($DH$2/10000) -> #DIV/0!
A9: =订货1!A9 -> 101686 | B9: =VLOOKUP($A9,订货1!$A9:$G250,7,0) -> 融滋合味（上海）科技有限公司 | C9: =VLOOKUP($A9,订货1!$A9:$H250,8,0) -> 宿州皇冠食品有限公司 | D9: =VLOOKUP($A9,订货1!$A9:$B250,2,0) -> 黄桃丁罐头（825g） | E9: =VLOOKUP($A9,订货1!$A9:$E250,5,0) -> 0.825kg*24can | F9: =VLOOKUP($A9,订货1!$A9:$F250,6,0) -> 箱 | H9: =O9+R9+X9+AA9+AD9+AG9+AJ9+AM9+AP9+AS9+AV9+AY9+BB9+BE9+BH9+BK9+BN9+BQ9+BT9+BW9+BZ9+CC9+CF9+CI9+CL9+CO9+CR9+U9+I9+L9 -> 1 | O9: =订货1!AB9 -> 0 | R9: =订货1!AC9 -> 0 | U9: =订货1!AD9 -> 0 | X9: =订货1!AE9 -> 0 | AA9: =订货1!AF9 -> 0 | AD9: =订货1!AG9 -> 0 | AG9: =订货1!AH9 -> 0 | AJ9: =订货1!AI9 -> 1 | AM9: =订货1!AJ9 -> 0 | AP9: =订货1!AK9 -> 0 | AS9: =订货1!AL9 -> 0 | AV9: =订货1!AM9 -> 0 | AY9: =订货1!AN9 -> 0 | BB9: =订货1!AO9 -> 0 | BE9: =订货1!AP9 -> 0 | BH9: =订货1!AQ9 -> 0 | BK9: =订货1!AR9 -> 0 | BN9: =订货1!AS9 -> 0 | BQ9: =订货1!AT9 -> 0 | BT9: =订货1!AU9 -> 0 | BW9: =订货1!AV9 -> 0 | BZ9: =订货1!AW9 -> 0 | CC9: =订货1!AX9 -> 0 | CF9: =订货1!AY9 -> 0 | CI9: =订货1!AZ9 -> 0 | CL9: =订货1!BA9 -> 0 | CO9: =订货1!BB9 -> 0 | CR9: =订货1!BC9 -> 0 | CU9: =订货1!BD9 -> 0 | CX9: =订货1!BE9 -> 0 | DA9: =订货1!BF9 -> 0 | DD9: 0 | DE9: =INT(G9/DI9) -> #DIV/0! | DF9: =IFERROR(DD9+H9-G9,"") -> 1 | DG9: =订货1!$Q9 -> 箱 | DH9: =DF9/($DH$2/10000) -> #DIV/0!
A10: =订货1!A10 -> 101112 | B10: =VLOOKUP($A10,订货1!$A10:$G251,7,0) -> 上海捷仪经贸有限公司 | C10: =VLOOKUP($A10,订货1!$A10:$H251,8,0) -> 亨氏（青岛）食品有限公司 | D10: =VLOOKUP($A10,订货1!$A10:$B251,2,0) -> 亨氏番茄调味酱 | E10: =VLOOKUP($A10,订货1!$A10:$E251,5,0) -> 10g*600pc | F10: =VLOOKUP($A10,订货1!$A10:$F251,6,0) -> 箱 | H10: =O10+R10+X10+AA10+AD10+AG10+AJ10+AM10+AP10+AS10+AV10+AY10+BB10+BE10+BH10+BK10+BN10+BQ10+BT10+BW10+BZ10+CC10+CF10+CI10+CL10+CO10+CR10+U10+I10+L10 -> 2 | O10: =订货1!AB10 -> 0 | R10: =订货1!AC10 -> 1 | U10: =订货1!AD10 -> 0 | X10: =订货1!AE10 -> 0 | AA10: =订货1!AF10 -> 0 | AD10: =订货1!AG10 -> 0 | AG10: =订货1!AH10 -> 0 | AJ10: =订货1!AI10 -> 0 | AM10: =订货1!AJ10 -> 0 | AP10: =订货1!AK10 -> 0 | AS10: =订货1!AL10 -> 0 | AV10: =订货1!AM10 -> 1 | AY10: =订货1!AN10 -> 0 | BB10: =订货1!AO10 -> 0 | BE10: =订货1!AP10 -> 0 | BH10: =订货1!AQ10 -> 0 | BK10: =订货1!AR10 -> 0 | BN10: =订货1!AS10 -> 0 | BQ10: =订货1!AT10 -> 0 | BT10: =订货1!AU10 -> 0 | BW10: =订货1!AV10 -> 0 | BZ10: =订货1!AW10 -> 0 | CC10: =订货1!AX10 -> 0 | CF10: =订货1!AY10 -> 0 | CI10: =订货1!AZ10 -> 0 | CL10: =订货1!BA10 -> 0 | CO10: =订货1!BB10 -> 0 | CR10: =订货1!BC10 -> 0 | CU10: =订货1!BD10 -> 0 | CX10: =订货1!BE10 -> 0 | DA10: =订货1!BF10 -> 0 | DD10: 0 | DE10: =INT(G10/DI10) -> #DIV/0! | DF10: =IFERROR(DD10+H10-G10,"") -> 2 | DG10: =订货1!$Q10 -> 箱 | DH10: =DF10/($DH$2/10000) -> #DIV/0!
A11: =订货1!A11 -> 101687 | B11: =VLOOKUP($A11,订货1!$A11:$G252,7,0) -> 上海潜深实业有限公司 | C11: =VLOOKUP($A11,订货1!$A11:$H252,8,0) -> 雷州市绿河食品实业有限公司 | D11: =VLOOKUP($A11,订货1!$A11:$B252,2,0) -> 椰果罐头（850g） | E11: =VLOOKUP($A11,订货1!$A11:$E252,5,0) -> 0.85kg*12can | F11: =VLOOKUP($A11,订货1!$A11:$F252,6,0) -> 箱 | H11: =O11+R11+X11+AA11+AD11+AG11+AJ11+AM11+AP11+AS11+AV11+AY11+BB11+BE11+BH11+BK11+BN11+BQ11+BT11+BW11+BZ11+CC11+CF11+CI11+CL11+CO11+CR11+U11+I11+L11 -> 2 | O11: =订货1!AB11 -> 0 | R11: =订货1!AC11 -> 0 | U11: =订货1!AD11 -> 0 | X11: =订货1!AE11 -> 0 | AA11: =订货1!AF11 -> 0 | AD11: =订货1!AG11 -> 1 | AG11: =订货1!AH11 -> 0 | AJ11: =订货1!AI11 -> 0 | AM11: =订货1!AJ11 -> 0 | AP11: =订货1!AK11 -> 0 | AS11: =订货1!AL11 -> 0 | AV11: =订货1!AM11 -> 1 | AY11: =订货1!AN11 -> 0 | BB11: =订货1!AO11 -> 0 | BE11: =订货1!AP11 -> 0 | BH11: =订货1!AQ11 -> 0 | BK11: =订货1!AR11 -> 0 | BN11: =订货1!AS11 -> 0 | BQ11: =订货1!AT11 -> 0 | BT11: =订货1!AU11 -> 0 | BW11: =订货1!AV11 -> 0 | BZ11: =订货1!AW11 -> 0 | CC11: =订货1!AX11 -> 0 | CF11: =订货1!AY11 -> 0 | CI11: =订货1!AZ11 -> 0 | CL11: =订货1!BA11 -> 0 | CO11: =订货1!BB11 -> 0 | CR11: =订货1!BC11 -> 0 | CU11: =订货1!BD11 -> 0 | CX11: =订货1!BE11 -> 0 | DA11: =订货1!BF11 -> 0 | DD11: 0 | DE11: =INT(G11/DI11) -> #DIV/0! | DF11: =IFERROR(DD11+H11-G11,"") -> 2 | DG11: =订货1!$Q11 -> 箱 | DH11: =DF11/($DH$2/10000) -> #DIV/0!
A12: =订货1!A12 -> 101738 | B12: =VLOOKUP($A12,订货1!$A12:$G253,7,0) -> 苏州欧福蛋液股份有限公司 | C12: =VLOOKUP($A12,订货1!$A12:$H253,8,0) -> 苏州欧福蛋液股份有限公司 | D12: =VLOOKUP($A12,订货1!$A12:$B253,2,0) -> （组）巴氏杀菌冰全蛋 | E12: =VLOOKUP($A12,订货1!$A12:$E253,5,0) -> 970g*6 | F12: =VLOOKUP($A12,订货1!$A12:$F253,6,0) -> 组 | H12: =O12+R12+X12+AA12+AD12+AG12+AJ12+AM12+AP12+AS12+AV12+AY12+BB12+BE12+BH12+BK12+BN12+BQ12+BT12+BW12+BZ12+CC12+CF12+CI12+CL12+CO12+CR12+U12+I12+L12 -> 2 | O12: =订货1!AB12 -> 0 | R12: =订货1!AC12 -> 0 | U12: =订货1!AD12 -> 0 | X12: =订货1!AE12 -> 0 | AA12: =订货1!AF12 -> 0 | AD12: =订货1!AG12 -> 1 | AG12: =订货1!AH12 -> 0 | AJ12: =订货1!AI12 -> 0 | AM12: =订货1!AJ12 -> 0 | AP12: =订货1!AK12 -> 0 | AS12: =订货1!AL12 -> 0 | AV12: =订货1!AM12 -> 0 | AY12: =订货1!AN12 -> 1 | BB12: =订货1!AO12 -> 0 | BE12: =订货1!AP12 -> 0 | BH12: =订货1!AQ12 -> 0 | BK12: =订货1!AR12 -> 0 | BN12: =订货1!AS12 -> 0 | BQ12: =订货1!AT12 -> 0 | BT12: =订货1!AU12 -> 0 | BW12: =订货1!AV12 -> 0 | BZ12: =订货1!AW12 -> 0 | CC12: =订货1!AX12 -> 0 | CF12: =订货1!AY12 -> 0 | CI12: =订货1!AZ12 -> 0 | CL12: =订货1!BA12 -> 0 | CO12: =订货1!BB12 -> 0 | CR12: =订货1!BC12 -> 0 | CU12: =订货1!BD12 -> 0 | CX12: =订货1!BE12 -> 0 | DA12: =订货1!BF12 -> 0 | DD12: 0 | DE12: =INT(G12/DI12) -> #DIV/0! | DF12: =IFERROR(DD12+H12-G12,"") -> 2 | DG12: =订货1!$Q12 -> 组 | DH12: =DF12/($DH$2/10000) -> #DIV/0!
A13: =订货1!A13 -> 101688 | B13: =VLOOKUP($A13,订货1!$A13:$G254,7,0) -> 上海宝立食品科技股份有限公司 | C13: =VLOOKUP($A13,订货1!$A13:$H254,8,0) -> 浙江宝立食品科技有限公司 | D13: =VLOOKUP($A13,订货1!$A13:$B254,2,0) -> 奶油蘑菇汤 | E13: =VLOOKUP($A13,订货1!$A13:$E254,5,0) -> 0.16kg*50pc | F13: =VLOOKUP($A13,订货1!$A13:$F254,6,0) -> 箱 | H13: =O13+R13+X13+AA13+AD13+AG13+AJ13+AM13+AP13+AS13+AV13+AY13+BB13+BE13+BH13+BK13+BN13+BQ13+BT13+BW13+BZ13+CC13+CF13+CI13+CL13+CO13+CR13+U13+I13+L13 -> 12 | O13: =订货1!AB13 -> 1 | R13: =订货1!AC13 -> 0 | U13: =订货1!AD13 -> 0 | X13: =订货1!AE13 -> 2 | AA13: =订货1!AF13 -> 1 | AD13: =订货1!AG13 -> 2 | AG13: =订货1!AH13 -> 0 | AJ13: =订货1!AI13 -> 1 | AM13: =订货1!AJ13 -> 0 | AP13: =订货1!AK13 -> 0 | AS13: =订货1!AL13 -> 0 | AV13: =订货1!AM13 -> 2 | AY13: =订货1!AN13 -> 2 | BB13: =订货1!AO13 -> 1 | BE13: =订货1!AP13 -> 0 | BH13: =订货1!AQ13 -> 0 | BK13: =订货1!AR13 -> 0 | BN13: =订货1!AS13 -> 0 | BQ13: =订货1!AT13 -> 0 | BT13: =订货1!AU13 -> 0 | BW13: =订货1!AV13 -> 0 | BZ13: =订货1!AW13 -> 0 | CC13: =订货1!AX13 -> 0 | CF13: =订货1!AY13 -> 0 | CI13: =订货1!AZ13 -> 0 | CL13: =订货1!BA13 -> 0 | CO13: =订货1!BB13 -> 0 | CR13: =订货1!BC13 -> 0 | CU13: =订货1!BD13 -> 0 | CX13: =订货1!BE13 -> 0 | DA13: =订货1!BF13 -> 0 | DD13: 0 | DE13: =INT(G13/DI13) -> #DIV/0! | DF13: =IFERROR(DD13+H13-G13,"") -> 12 | DG13: =订货1!$Q13 -> 箱 | DH13: =DF13/($DH$2/10000) -> #DIV/0!
A14: =订货1!A14 -> 101290 | B14: =VLOOKUP($A14,订货1!$A14:$G255,7,0) -> 上海捷仪经贸有限公司 | C14: =VLOOKUP($A14,订货1!$A14:$H255,8,0) -> 泰州顶淳食品有限公司 | D14: =VLOOKUP($A14,订货1!$A14:$B255,2,0) -> 黑胡椒碎 | E14: =VLOOKUP($A14,订货1!$A14:$E255,5,0) -> 1kg | F14: =VLOOKUP($A14,订货1!$A14:$F255,6,0) -> 袋 | H14: =O14+R14+X14+AA14+AD14+AG14+AJ14+AM14+AP14+AS14+AV14+AY14+BB14+BE14+BH14+BK14+BN14+BQ14+BT14+BW14+BZ14+CC14+CF14+CI14+CL14+CO14+CR14+U14+I14+L14 -> 0 | O14: =订货1!AB14 -> 0 | R14: =订货1!AC14 -> 0 | U14: =订货1!AD14 -> 0 | X14: =订货1!AE14 -> 0 | AA14: =订货1!AF14 -> 0 | AD14: =订货1!AG14 -> 0 | AG14: =订货1!AH14 -> 0 | AJ14: =订货1!AI14 -> 0 | AM14: =订货1!AJ14 -> 0 | AP14: =订货1!AK14 -> 0 | AS14: =订货1!AL14 -> 0 | AV14: =订货1!AM14 -> 0 | AY14: =订货1!AN14 -> 0 | BB14: =订货1!AO14 -> 0 | BE14: =订货1!AP14 -> 0 | BH14: =订货1!AQ14 -> 0 | BK14: =订货1!AR14 -> 0 | BN14: =订货1!AS14 -> 0 | BQ14: =订货1!AT14 -> 0 | BT14: =订货1!AU14 -> 0 | BW14: =订货1!AV14 -> 0 | BZ14: =订货1!AW14 -> 0 | CC14: =订货1!AX14 -> 0 | CF14: =订货1!AY14 -> 0 | CI14: =订货1!AZ14 -> 0 | CL14: =订货1!BA14 -> 0 | CO14: =订货1!BB14 -> 0 | CR14: =订货1!BC14 -> 0 | CU14: =订货1!BD14 -> 0 | CX14: =订货1!BE14 -> 0 | DA14: =订货1!BF14 -> 0 | DD14: 0 | DE14: =INT(G14/DI14) -> #DIV/0! | DF14: =IFERROR(DD14+H14-G14,"") -> 0 | DG14: =订货1!$Q14 -> 袋 | DH14: =DF14/($DH$2/10000) -> #DIV/0!
A15: =订货1!A15 -> 101398 | B15: =VLOOKUP($A15,订货1!$A15:$G256,7,0) -> 上海捷仪经贸有限公司 | C15: =VLOOKUP($A15,订货1!$A15:$H256,8,0) -> 福建好日子食品有限公司 | D15: =VLOOKUP($A15,订货1!$A15:$B256,2,0) -> 好日子红茶 | E15: =VLOOKUP($A15,订货1!$A15:$E256,5,0) -> 2g*100pc*30pc大 | F15: =VLOOKUP($A15,订货1!$A15:$F256,6,0) -> 袋 | H15: =O15+R15+X15+AA15+AD15+AG15+AJ15+AM15+AP15+AS15+AV15+AY15+BB15+BE15+BH15+BK15+BN15+BQ15+BT15+BW15+BZ15+CC15+CF15+CI15+CL15+CO15+CR15+U15+I15+L15 -> 0 | O15: =订货1!AB15 -> 0 | R15: =订货1!AC15 -> 0 | U15: =订货1!AD15 -> 0 | X15: =订货1!AE15 -> 0 | AA15: =订货1!AF15 -> 0 | AD15: =订货1!AG15 -> 0 | AG15: =订货1!AH15 -> 0 | AJ15: =订货1!AI15 -> 0 | AM15: =订货1!AJ15 -> 0 | AP15: =订货1!AK15 -> 0 | AS15: =订货1!AL15 -> 0 | AV15: =订货1!AM15 -> 0 | AY15: =订货1!AN15 -> 0 | BB15: =订货1!AO15 -> 0 | BE15: =订货1!AP15 -> 0 | BH15: =订货1!AQ15 -> 0 | BK15: =订货1!AR15 -> 0 | BN15: =订货1!AS15 -> 0 | BQ15: =订货1!AT15 -> 0 | BT15: =订货1!AU15 -> 0 | BW15: =订货1!AV15 -> 0 | BZ15: =订货1!AW15 -> 0 | CC15: =订货1!AX15 -> 0 | CF15: =订货1!AY15 -> 0 | CI15: =订货1!AZ15 -> 0 | CL15: =订货1!BA15 -> 0 | CO15: =订货1!BB15 -> 0 | CR15: =订货1!BC15 -> 0 | CU15: =订货1!BD15 -> 0 | CX15: =订货1!BE15 -> 0 | DA15: =订货1!BF15 -> 0 | DD15: 0 | DE15: =INT(G15/DI15) -> #DIV/0! | DF15: =IFERROR(DD15+H15-G15,"") -> 0 | DG15: =订货1!$Q15 -> 袋 | DH15: =DF15/($DH$2/10000) -> #DIV/0!
A16: =订货1!A16 -> 101399 | B16: =VLOOKUP($A16,订货1!$A16:$G257,7,0) -> 上海捷仪经贸有限公司 | C16: =VLOOKUP($A16,订货1!$A16:$H257,8,0) -> 福建好日子食品有限公司 | D16: =VLOOKUP($A16,订货1!$A16:$B257,2,0) -> 好日子绿茶 | E16: =VLOOKUP($A16,订货1!$A16:$E257,5,0) -> 2g*100pc*30pc大 | F16: =VLOOKUP($A16,订货1!$A16:$F257,6,0) -> 袋 | H16: =O16+R16+X16+AA16+AD16+AG16+AJ16+AM16+AP16+AS16+AV16+AY16+BB16+BE16+BH16+BK16+BN16+BQ16+BT16+BW16+BZ16+CC16+CF16+CI16+CL16+CO16+CR16+U16+I16+L16 -> 0 | O16: =订货1!AB16 -> 0 | R16: =订货1!AC16 -> 0 | U16: =订货1!AD16 -> 0 | X16: =订货1!AE16 -> 0 | AA16: =订货1!AF16 -> 0 | AD16: =订货1!AG16 -> 0 | AG16: =订货1!AH16 -> 0 | AJ16: =订货1!AI16 -> 0 | AM16: =订货1!AJ16 -> 0 | AP16: =订货1!AK16 -> 0 | AS16: =订货1!AL16 -> 0 | AV16: =订货1!AM16 -> 0 | AY16: =订货1!AN16 -> 0 | BB16: =订货1!AO16 -> 0 | BE16: =订货1!AP16 -> 0 | BH16: =订货1!AQ16 -> 0 | BK16: =订货1!AR16 -> 0 | BN16: =订货1!AS16 -> 0 | BQ16: =订货1!AT16 -> 0 | BT16: =订货1!AU16 -> 0 | BW16: =订货1!AV16 -> 0 | BZ16: =订货1!AW16 -> 0 | CC16: =订货1!AX16 -> 0 | CF16: =订货1!AY16 -> 0 | CI16: =订货1!AZ16 -> 0 | CL16: =订货1!BA16 -> 0 | CO16: =订货1!BB16 -> 0 | CR16: =订货1!BC16 -> 0 | CU16: =订货1!BD16 -> 0 | CX16: =订货1!BE16 -> 0 | DA16: =订货1!BF16 -> 0 | DD16: 0 | DE16: =INT(G16/DI16) -> #DIV/0! | DF16: =IFERROR(DD16+H16-G16,"") -> 0 | DG16: =订货1!$Q16 -> 袋 | DH16: =DF16/($DH$2/10000) -> #DIV/0!
A17: =订货1!A17 -> 101400 | B17: =VLOOKUP($A17,订货1!$A17:$G258,7,0) -> 上海捷仪经贸有限公司 | C17: =VLOOKUP($A17,订货1!$A17:$H258,8,0) -> 福建好日子食品有限公司 | D17: =VLOOKUP($A17,订货1!$A17:$B258,2,0) -> 好日子茉莉花茶 | E17: =VLOOKUP($A17,订货1!$A17:$E258,5,0) -> 2g*100pc*30pc大 | F17: =VLOOKUP($A17,订货1!$A17:$F258,6,0) -> 袋 | H17: =O17+R17+X17+AA17+AD17+AG17+AJ17+AM17+AP17+AS17+AV17+AY17+BB17+BE17+BH17+BK17+BN17+BQ17+BT17+BW17+BZ17+CC17+CF17+CI17+CL17+CO17+CR17+U17+I17+L17 -> 1 | O17: =订货1!AB17 -> 0 | R17: =订货1!AC17 -> 0 | U17: =订货1!AD17 -> 0 | X17: =订货1!AE17 -> 0 | AA17: =订货1!AF17 -> 0 | AD17: =订货1!AG17 -> 0 | AG17: =订货1!AH17 -> 0 | AJ17: =订货1!AI17 -> 0 | AM17: =订货1!AJ17 -> 0 | AP17: =订货1!AK17 -> 0 | AS17: =订货1!AL17 -> 0 | AV17: =订货1!AM17 -> 1 | AY17: =订货1!AN17 -> 0 | BB17: =订货1!AO17 -> 0 | BE17: =订货1!AP17 -> 0 | BH17: =订货1!AQ17 -> 0 | BK17: =订货1!AR17 -> 0 | BN17: =订货1!AS17 -> 0 | BQ17: =订货1!AT17 -> 0 | BT17: =订货1!AU17 -> 0 | BW17: =订货1!AV17 -> 0 | BZ17: =订货1!AW17 -> 0 | CC17: =订货1!AX17 -> 0 | CF17: =订货1!AY17 -> 0 | CI17: =订货1!AZ17 -> 0 | CL17: =订货1!BA17 -> 0 | CO17: =订货1!BB17 -> 0 | CR17: =订货1!BC17 -> 0 | CU17: =订货1!BD17 -> 0 | CX17: =订货1!BE17 -> 0 | DA17: =订货1!BF17 -> 0 | DD17: 0 | DE17: =INT(G17/DI17) -> #DIV/0! | DF17: =IFERROR(DD17+H17-G17,"") -> 1 | DG17: =订货1!$Q17 -> 袋 | DH17: =DF17/($DH$2/10000) -> #DIV/0!
A18: =订货1!A18 -> 201276 | B18: =VLOOKUP($A18,订货1!$A18:$G259,7,0) -> 上海捷仪经贸有限公司 | C18: =VLOOKUP($A18,订货1!$A18:$H259,8,0) -> 广州华糖食品有限公司 | D18: =VLOOKUP($A18,订货1!$A18:$B259,2,0) -> 白糖包 | E18: =VLOOKUP($A18,订货1!$A18:$E259,5,0) -> 7g*250pc | F18: =VLOOKUP($A18,订货1!$A18:$F259,6,0) -> 袋 | H18: =O18+R18+X18+AA18+AD18+AG18+AJ18+AM18+AP18+AS18+AV18+AY18+BB18+BE18+BH18+BK18+BN18+BQ18+BT18+BW18+BZ18+CC18+CF18+CI18+CL18+CO18+CR18+U18+I18+L18 -> 1 | O18: =订货1!AB18 -> 0 | R18: =订货1!AC18 -> 0 | U18: =订货1!AD18 -> 0 | X18: =订货1!AE18 -> 0 | AA18: =订货1!AF18 -> 0 | AD18: =订货1!AG18 -> 0 | AG18: =订货1!AH18 -> 0 | AJ18: =订货1!AI18 -> 0 | AM18: =订货1!AJ18 -> 0 | AP18: =订货1!AK18 -> 0 | AS18: =订货1!AL18 -> 0 | AV18: =订货1!AM18 -> 1 | AY18: =订货1!AN18 -> 0 | BB18: =订货1!AO18 -> 0 | BE18: =订货1!AP18 -> 0 | BH18: =订货1!AQ18 -> 0 | BK18: =订货1!AR18 -> 0 | BN18: =订货1!AS18 -> 0 | BQ18: =订货1!AT18 -> 0 | BT18: =订货1!AU18 -> 0 | BW18: =订货1!AV18 -> 0 | BZ18: =订货1!AW18 -> 0 | CC18: =订货1!AX18 -> 0 | CF18: =订货1!AY18 -> 0 | CI18: =订货1!AZ18 -> 0 | CL18: =订货1!BA18 -> 0 | CO18: =订货1!BB18 -> 0 | CR18: =订货1!BC18 -> 0 | CU18: =订货1!BD18 -> 0 | CX18: =订货1!BE18 -> 0 | DA18: =订货1!BF18 -> 0 | DD18: 0 | DE18: =INT(G18/DI18) -> #DIV/0! | DF18: =IFERROR(DD18+H18-G18,"") -> 1 | DG18: =订货1!$Q18 -> 袋 | DH18: =DF18/($DH$2/10000) -> #DIV/0!
A19: =订货1!A19 -> 101650 | B19: =VLOOKUP($A19,订货1!$A19:$G260,7,0) -> 川商（大連）貿易有限公司 | C19: =VLOOKUP($A19,订货1!$A19:$H260,8,0) -> 河北乾亿食品股份有限公司 | D19: =VLOOKUP($A19,订货1!$A19:$B260,2,0) -> 干辣椒段 | E19: =VLOOKUP($A19,订货1!$A19:$E260,5,0) -> 1kg | F19: =VLOOKUP($A19,订货1!$A19:$F260,6,0) -> 箱 | H19: =O19+R19+X19+AA19+AD19+AG19+AJ19+AM19+AP19+AS19+AV19+AY19+BB19+BE19+BH19+BK19+BN19+BQ19+BT19+BW19+BZ19+CC19+CF19+CI19+CL19+CO19+CR19+U19+I19+L19 -> 1 | O19: =订货1!AB19 -> 0 | R19: =订货1!AC19 -> 0 | U19: =订货1!AD19 -> 0 | X19: =订货1!AE19 -> 0 | AA19: =订货1!AF19 -> 0 | AD19: =订货1!AG19 -> 0 | AG19: =订货1!AH19 -> 0 | AJ19: =订货1!AI19 -> 0 | AM19: =订货1!AJ19 -> 0 | AP19: =订货1!AK19 -> 0 | AS19: =订货1!AL19 -> 0 | AV19: =订货1!AM19 -> 1 | AY19: =订货1!AN19 -> 0 | BB19: =订货1!AO19 -> 0 | BE19: =订货1!AP19 -> 0 | BH19: =订货1!AQ19 -> 0 | BK19: =订货1!AR19 -> 0 | BN19: =订货1!AS19 -> 0 | BQ19: =订货1!AT19 -> 0 | BT19: =订货1!AU19 -> 0 | BW19: =订货1!AV19 -> 0 | BZ19: =订货1!AW19 -> 0 | CC19: =订货1!AX19 -> 0 | CF19: =订货1!AY19 -> 0 | CI19: =订货1!AZ19 -> 0 | CL19: =订货1!BA19 -> 0 | CO19: =订货1!BB19 -> 0 | CR19: =订货1!BC19 -> 0 | CU19: =订货1!BD19 -> 0 | CX19: =订货1!BE19 -> 0 | DA19: =订货1!BF19 -> 0 | DD19: 0 | DE19: =INT(G19/DI19) -> #DIV/0! | DF19: =IFERROR(DD19+H19-G19,"") -> 1 | DG19: =订货1!$Q19 -> 箱 | DH19: =DF19/($DH$2/10000) -> #DIV/0!
A20: =订货1!A20 -> 101025 | B20: =VLOOKUP($A20,订货1!$A20:$G261,7,0) -> 嘉兴铃吉食品有限公司 | C20: =VLOOKUP($A20,订货1!$A20:$H261,8,0) -> 嘉兴铃吉食品有限公司 | D20: =VLOOKUP($A20,订货1!$A20:$B261,2,0) -> 大蒜黄油 | E20: =VLOOKUP($A20,订货1!$A20:$E261,5,0) -> 3kg*4pc | F20: =VLOOKUP($A20,订货1!$A20:$F261,6,0) -> 箱 | H20: =O20+R20+X20+AA20+AD20+AG20+AJ20+AM20+AP20+AS20+AV20+AY20+BB20+BE20+BH20+BK20+BN20+BQ20+BT20+BW20+BZ20+CC20+CF20+CI20+CL20+CO20+CR20+U20+I20+L20 -> 0 | O20: =订货1!AB20 -> 0 | R20: =订货1!AC20 -> 0 | U20: =订货1!AD20 -> 0 | X20: =订货1!AE20 -> 0 | AA20: =订货1!AF20 -> 0 | AD20: =订货1!AG20 -> 0 | AG20: =订货1!AH20 -> 0 | AJ20: =订货1!AI20 -> 0 | AM20: =订货1!AJ20 -> 0 | AP20: =订货1!AK20 -> 0 | AS20: =订货1!AL20 -> 0 | AV20: =订货1!AM20 -> 0 | AY20: =订货1!AN20 -> 0 | BB20: =订货1!AO20 -> 0 | BE20: =订货1!AP20 -> 0 | BH20: =订货1!AQ20 -> 0 | BK20: =订货1!AR20 -> 0 | BN20: =订货1!AS20 -> 0 | BQ20: =订货1!AT20 -> 0 | BT20: =订货1!AU20 -> 0 | BW20: =订货1!AV20 -> 0 | BZ20: =订货1!AW20 -> 0 | CC20: =订货1!AX20 -> 0 | CF20: =订货1!AY20 -> 0 | CI20: =订货1!AZ20 -> 0 | CL20: =订货1!BA20 -> 0 | CO20: =订货1!BB20 -> 0 | CR20: =订货1!BC20 -> 0 | CU20: =订货1!BD20 -> 0 | CX20: =订货1!BE20 -> 0 | DA20: =订货1!BF20 -> 0 | DD20: 0 | DE20: =INT(G20/DI20) -> #DIV/0! | DF20: =IFERROR(DD20+H20-G20,"") -> 0 | DG20: =订货1!$Q20 -> 箱 | DH20: =DF20/($DH$2/10000) -> #DIV/0!
... A69: =订货1!A69 -> 101748 | B69: =VLOOKUP($A69,订货1!$A69:$G310,7,0) -> 辣西西里（北京）国际贸易有限公司 | C69: =VLOOKUP($A69,订货1!$A69:$H310,8,0) -> Dolceria Alba SPA | D69: =VLOOKUP($A69,订货1!$A69:$B310,2,0) -> 酥皮蛋糕 | E69: =VLOOKUP($A69,订货1!$A69:$E310,5,0) -> 60g*4*4 | F69: =VLOOKUP($A69,订货1!$A69:$F310,6,0) -> 盒 | H69: =O69+R69+X69+AA69+AD69+AG69+AJ69+AM69+AP69+AS69+AV69+AY69+BB69+BE69+BH69+BK69+BN69+BQ69+BT69+BW69+BZ69+CC69+CF69+CI69+CL69+CO69+CR69+U69+I69+L69 -> 0 | O69: =订货1!AB69 -> 0 | R69: =订货1!AC69 -> 0 | U69: =订货1!AD69 -> 0 | X69: =订货1!AE69 -> 0 | AA69: =订货1!AF69 -> 0 | AD69: =订货1!AG69 -> 0 | AG69: =订货1!AH69 -> 0 | AJ69: =订货1!AI69 -> 0 | AM69: =订货1!AJ69 -> 0 | AP69: =订货1!AK69 -> 0 | AS69: =订货1!AL69 -> 0 | AV69: =订货1!AM69 -> 0 | AY69: =订货1!AN69 -> 0 | BB69: =订货1!AO69 -> 0 | BE69: =订货1!AP69 -> 0 | BH69: =订货1!AQ69 -> 0 | BK69: =订货1!AR69 -> 0 | BN69: =订货1!AS69 -> 0 | BQ69: =订货1!AT69 -> 0 | BT69: =订货1!AU69 -> 0 | BW69: =订货1!AV69 -> 0 | BZ69: =订货1!AW69 -> 0 | CC69: =订货1!AX69 -> 0 | CF69: =订货1!AY69 -> 0 | CI69: =订货1!AZ69 -> 0 | CL69: =订货1!BA69 -> 0 | CO69: =订货1!BB69 -> 0 | CR69: =订货1!BC69 -> 0 | CU69: =订货1!BD69 -> 0 | CX69: =订货1!BE69 -> 0 | DA69: =订货1!BF69 -> 0 | DD69: 0 | DE69: =INT(G69/DI69) -> #DIV/0! | DF69: =IFERROR(DD69+H69-G69,"") -> 0 | DG69: =订货1!$Q69 -> 盒 | DH69: =DF69/($DH$2/10000) -> #DIV/0!
A70: =订货1!A70 -> 101554 | B70: =VLOOKUP($A70,订货1!$A70:$G312,7,0) -> 辣西西里（北京）国际贸易有限公司 | C70: =VLOOKUP($A70,订货1!$A70:$H312,8,0) -> Dolceria Alba SPA | D70: =VLOOKUP($A70,订货1!$A70:$B312,2,0) -> 焦糖布丁蛋糕 | E70: =VLOOKUP($A70,订货1!$A70:$E312,5,0) -> 100g*9块/盒 | F70: =VLOOKUP($A70,订货1!$A70:$F312,6,0) -> 盒 | H70: =O70+R70+X70+AA70+AD70+AG70+AJ70+AM70+AP70+AS70+AV70+AY70+BB70+BE70+BH70+BK70+BN70+BQ70+BT70+BW70+BZ70+CC70+CF70+CI70+CL70+CO70+CR70+U70+I70+L70 -> 15 | O70: =订货1!AB70 -> 1 | R70: =订货1!AC70 -> 0 | U70: =订货1!AD70 -> 0 | X70: =订货1!AE70 -> 1 | AA70: =订货1!AF70 -> 2 | AD70: =订货1!AG70 -> 3 | AG70: =订货1!AH70 -> 0 | AJ70: =订货1!AI70 -> 0 | AM70: =订货1!AJ70 -> 2 | AP70: =订货1!AK70 -> 0 | AS70: =订货1!AL70 -> 1 | AV70: =订货1!AM70 -> 2 | AY70: =订货1!AN70 -> 3 | BB70: =订货1!AO70 -> 0 | BE70: =订货1!AP70 -> 0 | BH70: =订货1!AQ70 -> 0 | BK70: =订货1!AR70 -> 0 | BN70: =订货1!AS70 -> 0 | BQ70: =订货1!AT70 -> 0 | BT70: =订货1!AU70 -> 0 | BW70: =订货1!AV70 -> 0 | BZ70: =订货1!AW70 -> 0 | CC70: =订货1!AX70 -> 0 | CF70: =订货1!AY70 -> 0 | CI70: =订货1!AZ70 -> 0 | CL70: =订货1!BA70 -> 0 | CO70: =订货1!BB70 -> 0 | CR70: =订货1!BC70 -> 0 | CU70: =订货1!BD70 -> 0 | CX70: =订货1!BE70 -> 0 | DA70: =订货1!BF70 -> 0 | DD70: 0 | DE70: =INT(G70/DI70) -> #DIV/0! | DF70: =IFERROR(DD70+H70-G70,"") -> 15 | DG70: =订货1!$Q70 -> 盒 | DH70: =DF70/($DH$2/10000) -> #DIV/0!
A71: =订货1!A71 -> 101587 | B71: =VLOOKUP($A71,订货1!$A71:$G313,7,0) -> 承武贸易（上海）有限公司 | C71: =VLOOKUP($A71,订货1!$A71:$H313,8,0) -> 山东泰乐源农业科技有限公司 | D71: =VLOOKUP($A71,订货1!$A71:$B313,2,0) -> 金牌印度阿方索芒果（糖浆） | E71: =VLOOKUP($A71,订货1!$A71:$E313,5,0) -> 5kg*4pc | F71: =VLOOKUP($A71,订货1!$A71:$F313,6,0) -> 盒 | H71: =O71+R71+X71+AA71+AD71+AG71+AJ71+AM71+AP71+AS71+AV71+AY71+BB71+BE71+BH71+BK71+BN71+BQ71+BT71+BW71+BZ71+CC71+CF71+CI71+CL71+CO71+CR71+U71+I71+L71 -> 1 | O71: =订货1!AB71 -> 0 | R71: =订货1!AC71 -> 0 | U71: =订货1!AD71 -> 0 | X71: =订货1!AE71 -> 0 | AA71: =订货1!AF71 -> 0 | AD71: =订货1!AG71 -> 0 | AG71: =订货1!AH71 -> 0 | AJ71: =订货1!AI71 -> 1 | AM71: =订货1!AJ71 -> 0 | AP71: =订货1!AK71 -> 0 | AS71: =订货1!AL71 -> 0 | AV71: =订货1!AM71 -> 0 | AY71: =订货1!AN71 -> 0 | BB71: =订货1!AO71 -> 0 | BE71: =订货1!AP71 -> 0 | BH71: =订货1!AQ71 -> 0 | BK71: =订货1!AR71 -> 0 | BN71: =订货1!AS71 -> 0 | BQ71: =订货1!AT71 -> 0 | BT71: =订货1!AU71 -> 0 | BW71: =订货1!AV71 -> 0 | BZ71: =订货1!AW71 -> 0 | CC71: =订货1!AX71 -> 0 | CF71: =订货1!AY71 -> 0 | CI71: =订货1!AZ71 -> 0 | CL71: =订货1!BA71 -> 0 | CO71: =订货1!BB71 -> 0 | CR71: =订货1!BC71 -> 0 | CU71: =订货1!BD71 -> 0 | CX71: =订货1!BE71 -> 0 | DA71: =订货1!BF71 -> 0 | DD71: 0 | DE71: =INT(G71/DI71) -> #DIV/0! | DF71: =IFERROR(DD71+H71-G71,"") -> 1 | DG71: =订货1!$Q71 -> 盒 | DH71: =DF71/($DH$2/10000) -> #DIV/0!
A72: =订货1!A72 -> 101286 | B72: =VLOOKUP($A72,订货1!$A72:$G314,7,0) -> 仙波食品（浙江）有限公司 | C72: =VLOOKUP($A72,订货1!$A72:$H314,8,0) -> 仙波食品（浙江）有限公司 | D72: =VLOOKUP($A72,订货1!$A72:$B314,2,0) -> 萨莉亚特制沙拉酱 | E72: =VLOOKUP($A72,订货1!$A72:$E314,5,0) -> 1kg*10pc | F72: =VLOOKUP($A72,订货1!$A72:$F314,6,0) -> 箱 | H72: =O72+R72+X72+AA72+AD72+AG72+AJ72+AM72+AP72+AS72+AV72+AY72+BB72+BE72+BH72+BK72+BN72+BQ72+BT72+BW72+BZ72+CC72+CF72+CI72+CL72+CO72+CR72+U72+I72+L72 -> 0 | O72: =订货1!AB72 -> 0 | R72: =订货1!AC72 -> 0 | U72: =订货1!AD72 -> 0 | X72: =订货1!AE72 -> 0 | AA72: =订货1!AF72 -> 0 | AD72: =订货1!AG72 -> 0 | AG72: =订货1!AH72 -> 0 | AJ72: =订货1!AI72 -> 0 | AM72: =订货1!AJ72 -> 0 | AP72: =订货1!AK72 -> 0 | AS72: =订货1!AL72 -> 0 | AV72: =订货1!AM72 -> 0 | AY72: =订货1!AN72 -> 0 | BB72: =订货1!AO72 -> 0 | BE72: =订货1!AP72 -> 0 | BH72: =订货1!AQ72 -> 0 | BK72: =订货1!AR72 -> 0 | BN72: =订货1!AS72 -> 0 | BQ72: =订货1!AT72 -> 0 | BT72: =订货1!AU72 -> 0 | BW72: =订货1!AV72 -> 0 | BZ72: =订货1!AW72 -> 0 | CC72: =订货1!AX72 -> 0 | CF72: =订货1!AY72 -> 0 | CI72: =订货1!AZ72 -> 0 | CL72: =订货1!BA72 -> 0 | CO72: =订货1!BB72 -> 0 | CR72: =订货1!BC72 -> 0 | CU72: =订货1!BD72 -> 0 | CX72: =订货1!BE72 -> 0 | DA72: =订货1!BF72 -> 0 | DD72: 0 | DE72: =INT(G72/DI72) -> #DIV/0! | DF72: =IFERROR(DD72+H72-G72,"") -> 0 | DG72: =订货1!$Q72 -> 箱 | DH72: =DF72/($DH$2/10000) -> #DIV/0!
A73: =订货1!A73 -> 101588 | B73: =VLOOKUP($A73,订货1!$A73:$G315,7,0) -> 承武贸易（上海）有限公司 | C73: =VLOOKUP($A73,订货1!$A73:$H315,8,0) -> 山东泰乐源农业科技有限公司 | D73: =VLOOKUP($A73,订货1!$A73:$B315,2,0) -> 金牌红葡萄（糖浆） | E73: =VLOOKUP($A73,订货1!$A73:$E315,5,0) -> 5kg*4pc | F73: =VLOOKUP($A73,订货1!$A73:$F315,6,0) -> 箱 | H73: =O73+R73+X73+AA73+AD73+AG73+AJ73+AM73+AP73+AS73+AV73+AY73+BB73+BE73+BH73+BK73+BN73+BQ73+BT73+BW73+BZ73+CC73+CF73+CI73+CL73+CO73+CR73+U73+I73+L73 -> 1 | O73: =订货1!AB73 -> 0 | R73: =订货1!AC73 -> 1 | U73: =订货1!AD73 -> 0 | X73: =订货1!AE73 -> 0 | AA73: =订货1!AF73 -> 0 | AD73: =订货1!AG73 -> 0 | AG73: =订货1!AH73 -> 0 | AJ73: =订货1!AI73 -> 0 | AM73: =订货1!AJ73 -> 0 | AP73: =订货1!AK73 -> 0 | AS73: =订货1!AL73 -> 0 | AV73: =订货1!AM73 -> 0 | AY73: =订货1!AN73 -> 0 | BB73: =订货1!AO73 -> 0 | BE73: =订货1!AP73 -> 0 | BH73: =订货1!AQ73 -> 0 | BK73: =订货1!AR73 -> 0 | BN73: =订货1!AS73 -> 0 | BQ73: =订货1!AT73 -> 0 | BT73: =订货1!AU73 -> 0 | BW73: =订货1!AV73 -> 0 | BZ73: =订货1!AW73 -> 0 | CC73: =订货1!AX73 -> 0 | CF73: =订货1!AY73 -> 0 | CI73: =订货1!AZ73 -> 0 | CL73: =订货1!BA73 -> 0 | CO73: =订货1!BB73 -> 0 | CR73: =订货1!BC73 -> 0 | CU73: =订货1!BD73 -> 0 | CX73: =订货1!BE73 -> 0 | DA73: =订货1!BF73 -> 0 | DD73: 0 | DE73: =INT(G73/DI73) -> #DIV/0! | DF73: =IFERROR(DD73+H73-G73,"") -> 1 | DG73: =订货1!$Q73 -> 箱 | DH73: =DF73/($DH$2/10000) -> #DIV/0!
A74: =订货1!A74 -> 101768 | B74: =VLOOKUP($A74,订货1!$A74:$G316,7,0) -> 辣西西里（北京）国际贸易有限公司 | C74: =VLOOKUP($A74,订货1!$A74:$H316,8,0) -> Pan Surgelati Srl | D74: =VLOOKUP($A74,订货1!$A74:$B316,2,0) -> 苹果派 | E74: =VLOOKUP($A74,订货1!$A74:$E316,5,0) -> 76g*7*4pc | F74: =VLOOKUP($A74,订货1!$A74:$F316,6,0) -> 箱 | H74: =O74+R74+X74+AA74+AD74+AG74+AJ74+AM74+AP74+AS74+AV74+AY74+BB74+BE74+BH74+BK74+BN74+BQ74+BT74+BW74+BZ74+CC74+CF74+CI74+CL74+CO74+CR74+U74+I74+L74 -> 0 | O74: =订货1!AB74 -> 0 | R74: =订货1!AC74 -> 0 | U74: =订货1!AD74 -> 0 | X74: =订货1!AE74 -> 0 | AA74: =订货1!AF74 -> 0 | AD74: =订货1!AG74 -> 0 | AG74: =订货1!AH74 -> 0 | AJ74: =订货1!AI74 -> 0 | AM74: =订货1!AJ74 -> 0 | AP74: =订货1!AK74 -> 0 | AS74: =订货1!AL74 -> 0 | AV74: =订货1!AM74 -> 0 | AY74: =订货1!AN74 -> 0 | BB74: =订货1!AO74 -> 0 | BE74: =订货1!AP74 -> 0 | BH74: =订货1!AQ74 -> 0 | BK74: =订货1!AR74 -> 0 | BN74: =订货1!AS74 -> 0 | BQ74: =订货1!AT74 -> 0 | BT74: =订货1!AU74 -> 0 | BW74: =订货1!AV74 -> 0 | BZ74: =订货1!AW74 -> 0 | CC74: =订货1!AX74 -> 0 | CF74: =订货1!AY74 -> 0 | CI74: =订货1!AZ74 -> 0 | CL74: =订货1!BA74 -> 0 | CO74: =订货1!BB74 -> 0 | CR74: =订货1!BC74 -> 0 | CU74: =订货1!BD74 -> 0 | CX74: =订货1!BE74 -> 0 | DA74: =订货1!BF74 -> 0 | DD74: 0 | DE74: =INT(G74/DI74) -> #DIV/0! | DF74: =IFERROR(DD74+H74-G74,"") -> 0 | DG74: =订货1!$Q74 -> 箱 | DH74: =DF74/($DH$2/10000) -> #DIV/0!
A75: =订货1!A75 -> 101669 | B75: =VLOOKUP($A75,订货1!$A75:$G317,7,0) -> 辣西西里（北京）国际贸易有限公司 | C75: =VLOOKUP($A75,订货1!$A75:$H317,8,0) -> Fattorie Giacobazzi srl | D75: =VLOOKUP($A75,订货1!$A75:$B317,2,0) -> 辣西西里摩德纳黑醋 | E75: =VLOOKUP($A75,订货1!$A75:$E317,5,0) -> 0.5l | F75: =VLOOKUP($A75,订货1!$A75:$F317,6,0) -> 瓶 | H75: =O75+R75+X75+AA75+AD75+AG75+AJ75+AM75+AP75+AS75+AV75+AY75+BB75+BE75+BH75+BK75+BN75+BQ75+BT75+BW75+BZ75+CC75+CF75+CI75+CL75+CO75+CR75+U75+I75+L75 -> 1 | O75: =订货1!AB75 -> 0 | R75: =订货1!AC75 -> 0 | U75: =订货1!AD75 -> 0 | X75: =订货1!AE75 -> 0 | AA75: =订货1!AF75 -> 0 | AD75: =订货1!AG75 -> 0 | AG75: =订货1!AH75 -> 0 | AJ75: =订货1!AI75 -> 0 | AM75: =订货1!AJ75 -> 0 | AP75: =订货1!AK75 -> 0 | AS75: =订货1!AL75 -> 0 | AV75: =订货1!AM75 -> 1 | AY75: =订货1!AN75 -> 0 | BB75: =订货1!AO75 -> 0 | BE75: =订货1!AP75 -> 0 | BH75: =订货1!AQ75 -> 0 | BK75: =订货1!AR75 -> 0 | BN75: =订货1!AS75 -> 0 | BQ75: =订货1!AT75 -> 0 | BT75: =订货1!AU75 -> 0 | BW75: =订货1!AV75 -> 0 | BZ75: =订货1!AW75 -> 0 | CC75: =订货1!AX75 -> 0 | CF75: =订货1!AY75 -> 0 | CI75: =订货1!AZ75 -> 0 | CL75: =订货1!BA75 -> 0 | CO75: =订货1!BB75 -> 0 | CR75: =订货1!BC75 -> 0 | CU75: =订货1!BD75 -> 0 | CX75: =订货1!BE75 -> 0 | DA75: =订货1!BF75 -> 0 | DD75: 0 | DE75: =INT(G75/DI75) -> #DIV/0! | DF75: =IFERROR(DD75+H75-G75,"") -> 1 | DG75: =订货1!$Q75 -> 瓶 | DH75: =DF75/($DH$2/10000) -> #DIV/0!
A76: =订货1!A76 -> 101709 | B76: =VLOOKUP($A76,订货1!$A76:$G318,7,0) -> 广州萨莉亚食品有限公司 | C76: =VLOOKUP($A76,订货1!$A76:$H318,8,0) -> 广州萨莉亚食品有限公司 | D76: =VLOOKUP($A76,订货1!$A76:$B318,2,0) -> 蒜蓉辣椒酱 | E76: =VLOOKUP($A76,订货1!$A76:$E318,5,0) -> 500g*20pc | F76: =VLOOKUP($A76,订货1!$A76:$F318,6,0) -> 箱 | H76: =O76+R76+X76+AA76+AD76+AG76+AJ76+AM76+AP76+AS76+AV76+AY76+BB76+BE76+BH76+BK76+BN76+BQ76+BT76+BW76+BZ76+CC76+CF76+CI76+CL76+CO76+CR76+U76+I76+L76 -> 1 | O76: =订货1!AB76 -> 0 | R76: =订货1!AC76 -> 0 | U76: =订货1!AD76 -> 0 | X76: =订货1!AE76 -> 0 | AA76: =订货1!AF76 -> 0 | AD76: =订货1!AG76 -> 0 | AG76: =订货1!AH76 -> 0 | AJ76: =订货1!AI76 -> 0 | AM76: =订货1!AJ76 -> 0 | AP76: =订货1!AK76 -> 0 | AS76: =订货1!AL76 -> 0 | AV76: =订货1!AM76 -> 0 | AY76: =订货1!AN76 -> 1 | BB76: =订货1!AO76 -> 0 | BE76: =订货1!AP76 -> 0 | BH76: =订货1!AQ76 -> 0 | BK76: =订货1!AR76 -> 0 | BN76: =订货1!AS76 -> 0 | BQ76: =订货1!AT76 -> 0 | BT76: =订货1!AU76 -> 0 | BW76: =订货1!AV76 -> 0 | BZ76: =订货1!AW76 -> 0 | CC76: =订货1!AX76 -> 0 | CF76: =订货1!AY76 -> 0 | CI76: =订货1!AZ76 -> 0 | CL76: =订货1!BA76 -> 0 | CO76: =订货1!BB76 -> 0 | CR76: =订货1!BC76 -> 0 | CU76: =订货1!BD76 -> 0 | CX76: =订货1!BE76 -> 0 | DA76: =订货1!BF76 -> 0 | DD76: 0 | DE76: =INT(G76/DI76) -> #DIV/0! | DF76: =IFERROR(DD76+H76-G76,"") -> 1 | DG76: =订货1!$Q76 -> 箱 | DH76: =DF76/($DH$2/10000) -> #DIV/0!
A77: =订货1!A77 -> 101710 | B77: =VLOOKUP($A77,订货1!$A77:$G319,7,0) -> 辣西西里（北京）国际贸易有限公司 | C77: =VLOOKUP($A77,订货1!$A77:$H319,8,0) -> Dolceria Alba SPA | D77: =VLOOKUP($A77,订货1!$A77:$B319,2,0) -> 双层手指饼提拉米苏蛋糕 | E77: =VLOOKUP($A77,订货1!$A77:$E319,5,0) -> 85g*8个/盒 | F77: =VLOOKUP($A77,订货1!$A77:$F319,6,0) -> 盒 | H77: =O77+R77+X77+AA77+AD77+AG77+AJ77+AM77+AP77+AS77+AV77+AY77+BB77+BE77+BH77+BK77+BN77+BQ77+BT77+BW77+BZ77+CC77+CF77+CI77+CL77+CO77+CR77+U77+I77+L77 -> 13 | O77: =订货1!AB77 -> 1 | R77: =订货1!AC77 -> 0 | U77: =订货1!AD77 -> 0 | X77: =订货1!AE77 -> 1 | AA77: =订货1!AF77 -> 1 | AD77: =订货1!AG77 -> 2 | AG77: =订货1!AH77 -> 2 | AJ77: =订货1!AI77 -> 0 | AM77: =订货1!AJ77 -> 2 | AP77: =订货1!AK77 -> 0 | AS77: =订货1!AL77 -> 0 | AV77: =订货1!AM77 -> 2 | AY77: =订货1!AN77 -> 1 | BB77: =订货1!AO77 -> 1 | BE77: =订货1!AP77 -> 0 | BH77: =订货1!AQ77 -> 0 | BK77: =订货1!AR77 -> 0 | BN77: =订货1!AS77 -> 0 | BQ77: =订货1!AT77 -> 0 | BT77: =订货1!AU77 -> 0 | BW77: =订货1!AV77 -> 0 | BZ77: =订货1!AW77 -> 0 | CC77: =订货1!AX77 -> 0 | CF77: =订货1!AY77 -> 0 | CI77: =订货1!AZ77 -> 0 | CL77: =订货1!BA77 -> 0 | CO77: =订货1!BB77 -> 0 | CR77: =订货1!BC77 -> 0 | CU77: =订货1!BD77 -> 0 | CX77: =订货1!BE77 -> 0 | DA77: =订货1!BF77 -> 0 | DD77: 0 | DE77: =INT(G77/DI77) -> #DIV/0! | DF77: =IFERROR(DD77+H77-G77,"") -> 13 | DG77: =订货1!$Q77 -> 盒 | DH77: =DF77/($DH$2/10000) -> #DIV/0!
A78: =订货1!A78 -> 101770 | B78: =VLOOKUP($A78,订货1!$A78:$G320,7,0) -> 辣西西里（北京）国际贸易有限公司 | C78: =VLOOKUP($A78,订货1!$A78:$H320,8,0) -> FORMALACTIS S.r.L | D78: =VLOOKUP($A78,订货1!$A78:$B320,2,0) -> 辣西西-布拉塔干酪（迷你） | E78: =VLOOKUP($A78,订货1!$A78:$E320,5,0) -> 200g*8盒 | F78: =VLOOKUP($A78,订货1!$A78:$F320,6,0) -> 箱 | H78: =O78+R78+X78+AA78+AD78+AG78+AJ78+AM78+AP78+AS78+AV78+AY78+BB78+BE78+BH78+BK78+BN78+BQ78+BT78+BW78+BZ78+CC78+CF78+CI78+CL78+CO78+CR78+U78+I78+L78 -> 0 | O78: =订货1!AB78 -> 0 | R78: =订货1!AC78 -> 0 | U78: =订货1!AD78 -> 0 | X78: =订货1!AE78 -> 0 | AA78: =订货1!AF78 -> 0 | AD78: =订货1!AG78 -> 0 | AG78: =订货1!AH78 -> 0 | AJ78: =订货1!AI78 -> 0 | AM78: =订货1!AJ78 -> 0 | AP78: =订货1!AK78 -> 0 | AS78: =订货1!AL78 -> 0 | AV78: =订货1!AM78 -> 0 | AY78: =订货1!AN78 -> 0 | BB78: =订货1!AO78 -> 0 | BE78: =订货1!AP78 -> 0 | BH78: =订货1!AQ78 -> 0 | BK78: =订货1!AR78 -> 0 | BN78: =订货1!AS78 -> 0 | BQ78: =订货1!AT78 -> 0 | BT78: =订货1!AU78 -> 0 | BW78: =订货1!AV78 -> 0 | BZ78: =订货1!AW78 -> 0 | CC78: =订货1!AX78 -> 0 | CF78: =订货1!AY78 -> 0 | CI78: =订货1!AZ78 -> 0 | CL78: =订货1!BA78 -> 0 | CO78: =订货1!BB78 -> 0 | CR78: =订货1!BC78 -> 0 | CU78: =订货1!BD78 -> 0 | CX78: =订货1!BE78 -> 0 | DA78: =订货1!BF78 -> 0 | DD78: 0 | DE78: =INT(G78/DI78) -> #DIV/0! | DF78: =IFERROR(DD78+H78-G78,"") -> 0 | DG78: =订货1!$Q78 -> 箱 | DH78: =DF78/($DH$2/10000) -> #DIV/0!
A79: =订货1!A79 -> 101747 | B79: =VLOOKUP($A79,订货1!$A79:$G321,7,0) -> 麦西恩食品（上海）有限公司 | C79: =VLOOKUP($A79,订货1!$A79:$H321,8,0) -> 麦西恩食品（上海）有限公司 | D79: =VLOOKUP($A79,订货1!$A79:$B321,2,0) -> 8英寸薄脆比萨饼底 | E79: =VLOOKUP($A79,订货1!$A79:$E321,5,0) -> 4pc*15 | F79: =VLOOKUP($A79,订货1!$A79:$F321,6,0) -> 箱 | H79: =O79+R79+X79+AA79+AD79+AG79+AJ79+AM79+AP79+AS79+AV79+AY79+BB79+BE79+BH79+BK79+BN79+BQ79+BT79+BW79+BZ79+CC79+CF79+CI79+CL79+CO79+CR79+U79+I79+L79 -> 11 | O79: =订货1!AB79 -> 0 | R79: =订货1!AC79 -> 1 | U79: =订货1!AD79 -> 0 | X79: =订货1!AE79 -> 0 | AA79: =订货1!AF79 -> 1 | AB79: 43221 | AD79: =订货1!AG79 -> 2 | AE79: 43221 | AG79: =订货1!AH79 -> 0 | AH79: 43221 | AJ79: =订货1!AI79 -> 2 | AK79: 43221 | AM79: =订货1!AJ79 -> 0 | AN79: 43221 | AP79: =订货1!AK79 -> 0 | AQ79: 43221 | AS79: =订货1!AL79 -> 0 | AT79: 43221 | AV79: =订货1!AM79 -> 3 | AY79: =订货1!AN79 -> 1 | BB79: =订货1!AO79 -> 1 | BE79: =订货1!AP79 -> 0 | BH79: =订货1!AQ79 -> 0 | BK79: =订货1!AR79 -> 0 | BN79: =订货1!AS79 -> 0 | BQ79: =订货1!AT79 -> 0 | BT79: =订货1!AU79 -> 0 | BW79: =订货1!AV79 -> 0 | BZ79: =订货1!AW79 -> 0 | CC79: =订货1!AX79 -> 0 | CF79: =订货1!AY79 -> 0 | CI79: =订货1!AZ79 -> 0 | CL79: =订货1!BA79 -> 0 | CO79: =订货1!BB79 -> 0 | CR79: =订货1!BC79 -> 0 | CU79: =订货1!BD79 -> 0 | CX79: =订货1!BE79 -> 0 | DA79: =订货1!BF79 -> 0 | DD79: 0 | DE79: =INT(G79/DI79) -> #DIV/0! | DF79: =IFERROR(DD79+H79-G79,"") -> 11 | DG79: =订货1!$Q79 -> 箱 | DH79: =DF79/($DH$2/10000) -> #DIV/0!
A80: =订货1!A80 -> 101682 | B80: =VLOOKUP($A80,订货1!$A80:$G322,7,0) -> 山東三涛食品有限公司 | C80: =VLOOKUP($A80,订货1!$A80:$H322,8,0) -> 山東三涛食品有限公司 | D80: =VLOOKUP($A80,订货1!$A80:$B322,2,0) -> 冷冻西兰花 | E80: =VLOOKUP($A80,订货1!$A80:$E322,5,0) -> 1kg*6pc | F80: =VLOOKUP($A80,订货1!$A80:$F322,6,0) -> 箱 | H80: =O80+R80+X80+AA80+AD80+AG80+AJ80+AM80+AP80+AS80+AV80+AY80+BB80+BE80+BH80+BK80+BN80+BQ80+BT80+BW80+BZ80+CC80+CF80+CI80+CL80+CO80+CR80+U80+I80+L80 -> 5 | O80: =订货1!AB80 -> 0 | R80: =订货1!AC80 -> 1 | U80: =订货1!AD80 -> 0 | X80: =订货1!AE80 -> 0 | AA80: =订货1!AF80 -> 1 | AD80: =订货1!AG80 -> 0 | AG80: =订货1!AH80 -> 0 | AJ80: =订货1!AI80 -> 1 | AM80: =订货1!AJ80 -> 0 | AP80: =订货1!AK80 -> 0 | AS80: =订货1!AL80 -> 0 | AV80: =订货1!AM80 -> 1 | AY80: =订货1!AN80 -> 0 | BB80: =订货1!AO80 -> 1 | BE80: =订货1!AP80 -> 0 | BH80: =订货1!AQ80 -> 0 | BK80: =订货1!AR80 -> 0 | BN80: =订货1!AS80 -> 0 | BQ80: =订货1!AT80 -> 0 | BT80: =订货1!AU80 -> 0 | BW80: =订货1!AV80 -> 0 | BZ80: =订货1!AW80 -> 0 | CC80: =订货1!AX80 -> 0 | CF80: =订货1!AY80 -> 0 | CI80: =订货1!AZ80 -> 0 | CL80: =订货1!BA80 -> 0 | CO80: =订货1!BB80 -> 0 | CR80: =订货1!BC80 -> 0 | CU80: =订货1!BD80 -> 0 | CX80: =订货1!BE80 -> 0 | DA80: =订货1!BF80 -> 0 | DD80: 0 | DE80: =INT(G80/DI80) -> #DIV/0! | DF80: =IFERROR(DD80+H80-G80,"") -> 5 | DG80: =订货1!$Q80 -> 箱 | DH80: =DF80/($DH$2/10000) -> #DIV/0!
A81: =订货1!A81 -> 101073 | B81: =VLOOKUP($A81,订货1!$A81:$G323,7,0) -> 嘉兴市潜鑫食品有限公司 | C81: =VLOOKUP($A81,订货1!$A81:$H323,8,0) -> 嘉兴市潜鑫食品有限公司 | D81: =VLOOKUP($A81,订货1!$A81:$B323,2,0) -> 萨莉亚速冻蜗牛肉 | E81: =VLOOKUP($A81,订货1!$A81:$E323,5,0) -> 1kg*12pc | F81: =VLOOKUP($A81,订货1!$A81:$F323,6,0) -> 箱 | H81: =O81+R81+X81+AA81+AD81+AG81+AJ81+AM81+AP81+AS81+AV81+AY81+BB81+BE81+BH81+BK81+BN81+BQ81+BT81+BW81+BZ81+CC81+CF81+CI81+CL81+CO81+CR81+U81+I81+L81 -> 3 | O81: =订货1!AB81 -> 0 | R81: =订货1!AC81 -> 0 | U81: =订货1!AD81 -> 0 | X81: =订货1!AE81 -> 0 | AA81: =订货1!AF81 -> 1 | AD81: =订货1!AG81 -> 0 | AG81: =订货1!AH81 -> 0 | AJ81: =订货1!AI81 -> 0 | AM81: =订货1!AJ81 -> 1 | AP81: =订货1!AK81 -> 0 | AS81: =订货1!AL81 -> 0 | AV81: =订货1!AM81 -> 0 | AY81: =订货1!AN81 -> 1 | BB81: =订货1!AO81 -> 0 | BE81: =订货1!AP81 -> 0 | BH81: =订货1!AQ81 -> 0 | BK81: =订货1!AR81 -> 0 | BN81: =订货1!AS81 -> 0 | BQ81: =订货1!AT81 -> 0 | BT81: =订货1!AU81 -> 0 | BW81: =订货1!AV81 -> 0 | BZ81: =订货1!AW81 -> 0 | CC81: =订货1!AX81 -> 0 | CF81: =订货1!AY81 -> 0 | CI81: =订货1!AZ81 -> 0 | CL81: =订货1!BA81 -> 0 | CO81: =订货1!BB81 -> 0 | CR81: =订货1!BC81 -> 0 | CU81: =订货1!BD81 -> 0 | CX81: =订货1!BE81 -> 0 | DA81: =订货1!BF81 -> 0 | DD81: 0 | DE81: =INT(G81/DI81) -> #DIV/0! | DF81: =IFERROR(DD81+H81-G81,"") -> 3 | DG81: =订货1!$Q81 -> 箱 | DH81: =DF81/($DH$2/10000) -> #DIV/0!
A82: =订货1!A82 -> 720003 | B82: =VLOOKUP($A82,订货1!$A82:$G324,7,0) -> 上海百蒂凯蔬果种植专业合作社 | C82: =VLOOKUP($A82,订货1!$A82:$H324,8,0) -> 上海承祖食品有限公司 | D82: =VLOOKUP($A82,订货1!$A82:$B324,2,0) -> 樱桃番茄 | E82: =VLOOKUP($A82,订货1!$A82:$E324,5,0) -> 0.5kg | F82: =VLOOKUP($A82,订货1!$A82:$F324,6,0) -> 袋 | H82: =O82+R82+X82+AA82+AD82+AG82+AJ82+AM82+AP82+AS82+AV82+AY82+BB82+BE82+BH82+BK82+BN82+BQ82+BT82+BW82+BZ82+CC82+CF82+CI82+CL82+CO82+CR82+U82+I82+L82 -> 64 | O82: =订货1!AB82 -> 0 | R82: =订货1!AC82 -> 3 | U82: =订货1!AD82 -> 0 | X82: =订货1!AE82 -> 6 | AA82: =订货1!AF82 -> 12 | AD82: =订货1!AG82 -> 9 | AG82: =订货1!AH82 -> 2 | AJ82: =订货1!AI82 -> 0 | AM82: =订货1!AJ82 -> 8 | AP82: =订货1!AK82 -> 0 | AS82: =订货1!AL82 -> 1 | AV82: =订货1!AM82 -> 8 | AY82: =订货1!AN82 -> 11 | BB82: =订货1!AO82 -> 4 | BE82: =订货1!AP82 -> 0 | BH82: =订货1!AQ82 -> 0 | BK82: =订货1!AR82 -> 0 | BN82: =订货1!AS82 -> 0 | BQ82: =订货1!AT82 -> 0 | BT82: =订货1!AU82 -> 0 | BW82: =订货1!AV82 -> 0 | BZ82: =订货1!AW82 -> 0 | CC82: =订货1!AX82 -> 0 | CF82: =订货1!AY82 -> 0 | CI82: =订货1!AZ82 -> 0 | CL82: =订货1!BA82 -> 0 | CO82: =订货1!BB82 -> 0 | CR82: =订货1!BC82 -> 0 | CU82: =订货1!BD82 -> 0 | CX82: =订货1!BE82 -> 0 | DA82: =订货1!BF82 -> 0 | DD82: 0 | DE82: =INT(G82/DI82) -> #DIV/0! | DF82: =IFERROR(DD82+H82-G82,"") -> 64 | DG82: =订货1!$Q82 -> 袋 | DH82: =DF82/($DH$2/10000) -> #DIV/0!
A83: =订货1!A83 -> 720004 | B83: =VLOOKUP($A83,订货1!$A83:$G325,7,0) -> 上海百蒂凯蔬果种植专业合作社 | C83: =VLOOKUP($A83,订货1!$A83:$H325,8,0) -> 上海承祖食品有限公司 | D83: =VLOOKUP($A83,订货1!$A83:$B325,2,0) -> 彩椒丝 | E83: =VLOOKUP($A83,订货1!$A83:$E325,5,0) -> 0.5kg | F83: =VLOOKUP($A83,订货1!$A83:$F325,6,0) -> 袋 | H83: =O83+R83+X83+AA83+AD83+AG83+AJ83+AM83+AP83+AS83+AV83+AY83+BB83+BE83+BH83+BK83+BN83+BQ83+BT83+BW83+BZ83+CC83+CF83+CI83+CL83+CO83+CR83+U83+I83+L83 -> 0 | O83: =订货1!AB83 -> 0 | R83: =订货1!AC83 -> 0 | U83: =订货1!AD83 -> 0 | X83: =订货1!AE83 -> 0 | AA83: =订货1!AF83 -> 0 | AD83: =订货1!AG83 -> 0 | AG83: =订货1!AH83 -> 0 | AJ83: =订货1!AI83 -> 0 | AM83: =订货1!AJ83 -> 0 | AP83: =订货1!AK83 -> 0 | AS83: =订货1!AL83 -> 0 | AV83: =订货1!AM83 -> 0 | AY83: =订货1!AN83 -> 0 | BB83: =订货1!AO83 -> 0 | BE83: =订货1!AP83 -> 0 | BH83: =订货1!AQ83 -> 0 | BK83: =订货1!AR83 -> 0 | BN83: =订货1!AS83 -> 0 | BQ83: =订货1!AT83 -> 0 | BT83: =订货1!AU83 -> 0 | BW83: =订货1!AV83 -> 0 | BZ83: =订货1!AW83 -> 0 | CC83: =订货1!AX83 -> 0 | CF83: =订货1!AY83 -> 0 | CI83: =订货1!AZ83 -> 0 | CL83: =订货1!BA83 -> 0 | CO83: =订货1!BB83 -> 0 | CR83: =订货1!BC83 -> 0 | CU83: =订货1!BD83 -> 0 | CX83: =订货1!BE83 -> 0 | DA83: =订货1!BF83 -> 0 | DD83: 0 | DE83: =INT(G83/DI83) -> #DIV/0! | DF83: =IFERROR(DD83+H83-G83,"") -> 0 | DG83: =订货1!$Q83 -> 袋 | DH83: =DF83/($DH$2/10000) -> #DIV/0!
A84: =订货1!A84 -> 720005 | B84: =VLOOKUP($A84,订货1!$A84:$G326,7,0) -> 上海百蒂凯蔬果种植专业合作社 | C84: =VLOOKUP($A84,订货1!$A84:$H326,8,0) -> 上海承祖食品有限公司 | D84: =VLOOKUP($A84,订货1!$A84:$B326,2,0) -> 蔬菜底料 | E84: =VLOOKUP($A84,订货1!$A84:$E326,5,0) -> 1kg | F84: =VLOOKUP($A84,订货1!$A84:$F326,6,0) -> 袋 | H84: =O84+R84+X84+AA84+AD84+AG84+AJ84+AM84+AP84+AS84+AV84+AY84+BB84+BE84+BH84+BK84+BN84+BQ84+BT84+BW84+BZ84+CC84+CF84+CI84+CL84+CO84+CR84+U84+I84+L84 -> 29 | O84: =订货1!AB84 -> 3 | R84: =订货1!AC84 -> 1 | U84: =订货1!AD84 -> 0 | X84: =订货1!AE84 -> 3 | AA84: =订货1!AF84 -> 3 | AD84: =订货1!AG84 -> 3 | AG84: =订货1!AH84 -> 1 | AJ84: =订货1!AI84 -> 2 | AM84: =订货1!AJ84 -> 2 | AP84: =订货1!AK84 -> 0 | AS84: =订货1!AL84 -> 0 | AV84: =订货1!AM84 -> 6 | AY84: =订货1!AN84 -> 2 | BB84: =订货1!AO84 -> 3 | BE84: =订货1!AP84 -> 0 | BH84: =订货1!AQ84 -> 0 | BK84: =订货1!AR84 -> 0 | BN84: =订货1!AS84 -> 0 | BQ84: =订货1!AT84 -> 0 | BT84: =订货1!AU84 -> 0 | BW84: =订货1!AV84 -> 0 | BZ84: =订货1!AW84 -> 0 | CC84: =订货1!AX84 -> 0 | CF84: =订货1!AY84 -> 0 | CI84: =订货1!AZ84 -> 0 | CL84: =订货1!BA84 -> 0 | CO84: =订货1!BB84 -> 0 | CR84: =订货1!BC84 -> 0 | CU84: =订货1!BD84 -> 0 | CX84: =订货1!BE84 -> 0 | DA84: =订货1!BF84 -> 0 | DD84: 0 | DE84: =INT(G84/DI84) -> #DIV/0! | DF84: =IFERROR(DD84+H84-G84,"") -> 29 | DG84: =订货1!$Q84 -> 袋 | DH84: =DF84/($DH$2/10000) -> #DIV/0!
A85: =订货1!A85 -> 720006 | B85: =VLOOKUP($A85,订货1!$A85:$G327,7,0) -> 上海百蒂凯蔬果种植专业合作社 | C85: =VLOOKUP($A85,订货1!$A85:$H327,8,0) -> 上海承祖食品有限公司 | D85: =VLOOKUP($A85,订货1!$A85:$B327,2,0) -> 混合生菜 | E85: =VLOOKUP($A85,订货1!$A85:$E327,5,0) -> 1kg | F85: =VLOOKUP($A85,订货1!$A85:$F327,6,0) -> 袋 | H85: =O85+R85+X85+AA85+AD85+AG85+AJ85+AM85+AP85+AS85+AV85+AY85+BB85+BE85+BH85+BK85+BN85+BQ85+BT85+BW85+BZ85+CC85+CF85+CI85+CL85+CO85+CR85+U85+I85+L85 -> 0 | O85: =订货1!AB85 -> 0 | R85: =订货1!AC85 -> 0 | U85: =订货1!AD85 -> 0 | X85: =订货1!AE85 -> 0 | AA85: =订货1!AF85 -> 0 | AD85: =订货1!AG85 -> 0 | AG85: =订货1!AH85 -> 0 | AJ85: =订货1!AI85 -> 0 | AM85: =订货1!AJ85 -> 0 | AP85: =订货1!AK85 -> 0 | AS85: =订货1!AL85 -> 0 | AV85: =订货1!AM85 -> 0 | AY85: =订货1!AN85 -> 0 | BB85: =订货1!AO85 -> 0 | BE85: =订货1!AP85 -> 0 | BH85: =订货1!AQ85 -> 0 | BK85: =订货1!AR85 -> 0 | BN85: =订货1!AS85 -> 0 | BQ85: =订货1!AT85 -> 0 | BT85: =订货1!AU85 -> 0 | BW85: =订货1!AV85 -> 0 | BZ85: =订货1!AW85 -> 0 | CC85: =订货1!AX85 -> 0 | CF85: =订货1!AY85 -> 0 | CI85: =订货1!AZ85 -> 0 | CL85: =订货1!BA85 -> 0 | CO85: =订货1!BB85 -> 0 | CR85: =订货1!BC85 -> 0 | CU85: =订货1!BD85 -> 0 | CX85: =订货1!BE85 -> 0 | DA85: =订货1!BF85 -> 0 | DD85: 0 | DE85: =INT(G85/DI85) -> #DIV/0! | DF85: =IFERROR(DD85+H85-G85,"") -> 0 | DG85: =订货1!$Q85 -> 袋 | DH85: =DF85/($DH$2/10000) -> #DIV/0!
A86: =订货1!A86 -> 720018 | B86: =VLOOKUP($A86,订货1!$A86:$G328,7,0) -> 上海百蒂凯蔬果种植专业合作社 | C86: =VLOOKUP($A86,订货1!$A86:$H328,8,0) -> 上海承祖食品有限公司 | D86: =VLOOKUP($A86,订货1!$A86:$B328,2,0) -> 小青菜 | E86: =VLOOKUP($A86,订货1!$A86:$E328,5,0) -> 0.5kg | F86: =VLOOKUP($A86,订货1!$A86:$F328,6,0) -> 袋 | H86: =O86+R86+X86+AA86+AD86+AG86+AJ86+AM86+AP86+AS86+AV86+AY86+BB86+BE86+BH86+BK86+BN86+BQ86+BT86+BW86+BZ86+CC86+CF86+CI86+CL86+CO86+CR86+U86+I86+L86 -> 0 | O86: =订货1!AB86 -> 0 | R86: =订货1!AC86 -> 0 | U86: =订货1!AD86 -> 0 | X86: =订货1!AE86 -> 0 | AA86: =订货1!AF86 -> 0 | AD86: =订货1!AG86 -> 0 | AG86: =订货1!AH86 -> 0 | AJ86: =订货1!AI86 -> 0 | AM86: =订货1!AJ86 -> 0 | AP86: =订货1!AK86 -> 0 | AS86: =订货1!AL86 -> 0 | AV86: =订货1!AM86 -> 0 | AY86: =订货1!AN86 -> 0 | BB86: =订货1!AO86 -> 0 | BE86: =订货1!AP86 -> 0 | BH86: =订货1!AQ86 -> 0 | BK86: =订货1!AR86 -> 0 | BN86: =订货1!AS86 -> 0 | BQ86: =订货1!AT86 -> 0 | BT86: =订货1!AU86 -> 0 | BW86: =订货1!AV86 -> 0 | BZ86: =订货1!AW86 -> 0 | CC86: =订货1!AX86 -> 0 | CF86: =订货1!AY86 -> 0 | CI86: =订货1!AZ86 -> 0 | CL86: =订货1!BA86 -> 0 | CO86: =订货1!BB86 -> 0 | CR86: =订货1!BC86 -> 0 | CU86: =订货1!BD86 -> 0 | CX86: =订货1!BE86 -> 0 | DA86: =订货1!BF86 -> 0 | DD86: 0 | DE86: =INT(G86/DI86) -> #DIV/0! | DF86: =IFERROR(DD86+H86-G86,"") -> 0 | DG86: =订货1!$Q86 -> 袋 | DH86: =DF86/($DH$2/10000) -> #DIV/0!
A87: =订货1!A87 -> 720008 | B87: =VLOOKUP($A87,订货1!$A87:$G329,7,0) -> 上海百蒂凯蔬果种植专业合作社 | C87: =VLOOKUP($A87,订货1!$A87:$H329,8,0) -> 上海承祖食品有限公司 | D87: =VLOOKUP($A87,订货1!$A87:$B329,2,0) -> 猕猴桃 | E87: =VLOOKUP($A87,订货1!$A87:$E329,5,0) -> 0.08kg | F87: =VLOOKUP($A87,订货1!$A87:$F329,6,0) -> 个 | H87: =O87+R87+X87+AA87+AD87+AG87+AJ87+AM87+AP87+AS87+AV87+AY87+BB87+BE87+BH87+BK87+BN87+BQ87+BT87+BW87+BZ87+CC87+CF87+CI87+CL87+CO87+CR87+U87+I87+L87 -> 0 | O87: =订货1!AB87 -> 0 | R87: =订货1!AC87 -> 0 | U87: =订货1!AD87 -> 0 | X87: =订货1!AE87 -> 0 | AA87: =订货1!AF87 -> 0 | AD87: =订货1!AG87 -> 0 | AG87: =订货1!AH87 -> 0 | AJ87: =订货1!AI87 -> 0 | AM87: =订货1!AJ87 -> 0 | AP87: =订货1!AK87 -> 0 | AS87: =订货1!AL87 -> 0 | AV87: =订货1!AM87 -> 0 | AY87: =订货1!AN87 -> 0 | BB87: =订货1!AO87 -> 0 | BE87: =订货1!AP87 -> 0 | BH87: =订货1!AQ87 -> 0 | BK87: =订货1!AR87 -> 0 | BN87: =订货1!AS87 -> 0 | BQ87: =订货1!AT87 -> 0 | BT87: =订货1!AU87 -> 0 | BW87: =订货1!AV87 -> 0 | BZ87: =订货1!AW87 -> 0 | CC87: =订货1!AX87 -> 0 | CF87: =订货1!AY87 -> 0 | CI87: =订货1!AZ87 -> 0 | CL87: =订货1!BA87 -> 0 | CO87: =订货1!BB87 -> 0 | CR87: =订货1!BC87 -> 0 | CU87: =订货1!BD87 -> 0 | CX87: =订货1!BE87 -> 0 | DA87: =订货1!BF87 -> 0 | DD87: 0 | DE87: =INT(G87/DI87) -> #DIV/0! | DF87: =IFERROR(DD87+H87-G87,"") -> 0 | DG87: =订货1!$Q87 -> 个 | DH87: =DF87/($DH$2/10000) -> #DIV/0!
A88: =订货1!A88 -> 720009 | B88: =VLOOKUP($A88,订货1!$A88:$G330,7,0) -> 上海百蒂凯蔬果种植专业合作社 | C88: =VLOOKUP($A88,订货1!$A88:$H330,8,0) -> 上海承祖食品有限公司 | D88: =VLOOKUP($A88,订货1!$A88:$B330,2,0) -> 大蒜 | E88: =VLOOKUP($A88,订货1!$A88:$E330,5,0) -> 0.5kg | F88: =VLOOKUP($A88,订货1!$A88:$F330,6,0) -> 袋 | H88: =O88+R88+X88+AA88+AD88+AG88+AJ88+AM88+AP88+AS88+AV88+AY88+BB88+BE88+BH88+BK88+BN88+BQ88+BT88+BW88+BZ88+CC88+CF88+CI88+CL88+CO88+CR88+U88+I88+L88 -> 0 | O88: =订货1!AB88 -> 0 | R88: =订货1!AC88 -> 0 | U88: =订货1!AD88 -> 0 | X88: =订货1!AE88 -> 0 | AA88: =订货1!AF88 -> 0 | AD88: =订货1!AG88 -> 0 | AG88: =订货1!AH88 -> 0 | AJ88: =订货1!AI88 -> 0 | AM88: =订货1!AJ88 -> 0 | AP88: =订货1!AK88 -> 0 | AS88: =订货1!AL88 -> 0 | AV88: =订货1!AM88 -> 0 | AY88: =订货1!AN88 -> 0 | BB88: =订货1!AO88 -> 0 | BE88: =订货1!AP88 -> 0 | BH88: =订货1!AQ88 -> 0 | BK88: =订货1!AR88 -> 0 | BN88: =订货1!AS88 -> 0 | BQ88: =订货1!AT88 -> 0 | BT88: =订货1!AU88 -> 0 | BW88: =订货1!AV88 -> 0 | BZ88: =订货1!AW88 -> 0 | CC88: =订货1!AX88 -> 0 | CF88: =订货1!AY88 -> 0 | CI88: =订货1!AZ88 -> 0 | CL88: =订货1!BA88 -> 0 | CO88: =订货1!BB88 -> 0 | CR88: =订货1!BC88 -> 0 | CU88: =订货1!BD88 -> 0 | CX88: =订货1!BE88 -> 0 | DA88: =订货1!BF88 -> 0 | DD88: 0 | DE88: =INT(G88/DI88) -> #DIV/0! | DF88: =IFERROR(DD88+H88-G88,"") -> 0 | DG88: =订货1!$Q88 -> 袋 | DH88: =DF88/($DH$2/10000) -> #DIV/0!
A89: =订货1!A89 -> 720010 | B89: =VLOOKUP($A89,订货1!$A89:$G331,7,0) -> 上海百蒂凯蔬果种植专业合作社 | C89: =VLOOKUP($A89,订货1!$A89:$H331,8,0) -> 上海承祖食品有限公司 | D89: =VLOOKUP($A89,订货1!$A89:$B331,2,0) -> 番茄 | E89: =VLOOKUP($A89,订货1!$A89:$E331,5,0) -> 0.5kg | F89: =VLOOKUP($A89,订货1!$A89:$F331,6,0) -> 袋 | H89: =O89+R89+X89+AA89+AD89+AG89+AJ89+AM89+AP89+AS89+AV89+AY89+BB89+BE89+BH89+BK89+BN89+BQ89+BT89+BW89+BZ89+CC89+CF89+CI89+CL89+CO89+CR89+U89+I89+L89 -> 0 | O89: =订货1!AB89 -> 0 | R89: =订货1!AC89 -> 0 | U89: =订货1!AD89 -> 0 | X89: =订货1!AE89 -> 0 | AA89: =订货1!AF89 -> 0 | AD89: =订货1!AG89 -> 0 | AG89: =订货1!AH89 -> 0 | AJ89: =订货1!AI89 -> 0 | AM89: =订货1!AJ89 -> 0 | AP89: =订货1!AK89 -> 0 | AS89: =订货1!AL89 -> 0 | AV89: =订货1!AM89 -> 0 | AY89: =订货1!AN89 -> 0 | BB89: =订货1!AO89 -> 0 | BE89: =订货1!AP89 -> 0 | BH89: =订货1!AQ89 -> 0 | BK89: =订货1!AR89 -> 0 | BN89: =订货1!AS89 -> 0 | BQ89: =订货1!AT89 -> 0 | BT89: =订货1!AU89 -> 0 | BW89: =订货1!AV89 -> 0 | BZ89: =订货1!AW89 -> 0 | CC89: =订货1!AX89 -> 0 | CF89: =订货1!AY89 -> 0 | CI89: =订货1!AZ89 -> 0 | CL89: =订货1!BA89 -> 0 | CO89: =订货1!BB89 -> 0 | CR89: =订货1!BC89 -> 0 | CU89: =订货1!BD89 -> 0 | CX89: =订货1!BE89 -> 0 | DA89: =订货1!BF89 -> 0 | DD89: 0 | DE89: =INT(G89/DI89) -> #DIV/0! | DF89: =IFERROR(DD89+H89-G89,"") -> 0 | DG89: =订货1!$Q89 -> 袋 | DH89: =DF89/($DH$2/10000) -> #DIV/0!
A90: =订货1!A90 -> 720011 | B90: =VLOOKUP($A90,订货1!$A90:$G332,7,0) -> 上海百蒂凯蔬果种植专业合作社 | C90: =VLOOKUP($A90,订货1!$A90:$H332,8,0) -> 上海承祖食品有限公司 | D90: =VLOOKUP($A90,订货1!$A90:$B332,2,0) -> 芝麻菜 | E90: =VLOOKUP($A90,订货1!$A90:$E332,5,0) -> 0.2kg | F90: =VLOOKUP($A90,订货1!$A90:$F332,6,0) -> 袋 | H90: =O90+R90+X90+AA90+AD90+AG90+AJ90+AM90+AP90+AS90+AV90+AY90+BB90+BE90+BH90+BK90+BN90+BQ90+BT90+BW90+BZ90+CC90+CF90+CI90+CL90+CO90+CR90+U90+I90+L90 -> 22 | O90: =订货1!AB90 -> 1 | R90: =订货1!AC90 -> 2 | U90: =订货1!AD90 -> 0 | X90: =订货1!AE90 -> 1 | AA90: =订货1!AF90 -> 3 | AD90: =订货1!AG90 -> 4 | AG90: =订货1!AH90 -> 1 | AJ90: =订货1!AI90 -> 1 | AM90: =订货1!AJ90 -> 2 | AP90: =订货1!AK90 -> 0 | AS90: =订货1!AL90 -> 0 | AV90: =订货1!AM90 -> 3 | AY90: =订货1!AN90 -> 3 | BB90: =订货1!AO90 -> 1 | BE90: =订货1!AP90 -> 0 | BH90: =订货1!AQ90 -> 0 | BK90: =订货1!AR90 -> 0 | BN90: =订货1!AS90 -> 0 | BQ90: =订货1!AT90 -> 0 | BT90: =订货1!AU90 -> 0 | BW90: =订货1!AV90 -> 0 | BZ90: =订货1!AW90 -> 0 | CC90: =订货1!AX90 -> 0 | CF90: =订货1!AY90 -> 0 | CI90: =订货1!AZ90 -> 0 | CL90: =订货1!BA90 -> 0 | CO90: =订货1!BB90 -> 0 | CR90: =订货1!BC90 -> 0 | CU90: =订货1!BD90 -> 0 | CX90: =订货1!BE90 -> 0 | DA90: =订货1!BF90 -> 0 | DD90: 0 | DE90: =INT(G90/DI90) -> #DIV/0! | DF90: =IFERROR(DD90+H90-G90,"") -> 22 | DG90: =订货1!$Q90 -> 袋 | DH90: =DF90/($DH$2/10000) -> #DIV/0!
A91: =订货1!A91 -> 720012 | B91: =VLOOKUP($A91,订货1!$A91:$G333,7,0) -> 上海百蒂凯蔬果种植专业合作社 | C91: =VLOOKUP($A91,订货1!$A91:$H333,8,0) -> 上海承祖食品有限公司 | D91: =VLOOKUP($A91,订货1!$A91:$B333,2,0) -> 柠檬 | E91: =VLOOKUP($A91,订货1!$A91:$E333,5,0) -> 0.08kg | F91: =VLOOKUP($A91,订货1!$A91:$F333,6,0) -> 袋 | H91: =O91+R91+X91+AA91+AD91+AG91+AJ91+AM91+AP91+AS91+AV91+AY91+BB91+BE91+BH91+BK91+BN91+BQ91+BT91+BW91+BZ91+CC91+CF91+CI91+CL91+CO91+CR91+U91+I91+L91 -> 0 | O91: =订货1!AB91 -> 0 | R91: =订货1!AC91 -> 0 | U91: =订货1!AD91 -> 0 | X91: =订货1!AE91 -> 0 | AA91: =订货1!AF91 -> 0 | AD91: =订货1!AG91 -> 0 | AG91: =订货1!AH91 -> 0 | AJ91: =订货1!AI91 -> 0 | AM91: =订货1!AJ91 -> 0 | AP91: =订货1!AK91 -> 0 | AS91: =订货1!AL91 -> 0 | AV91: =订货1!AM91 -> 0 | AY91: =订货1!AN91 -> 0 | BB91: =订货1!AO91 -> 0 | BE91: =订货1!AP91 -> 0 | BH91: =订货1!AQ91 -> 0 | BK91: =订货1!AR91 -> 0 | BN91: =订货1!AS91 -> 0 | BQ91: =订货1!AT91 -> 0 | BT91: =订货1!AU91 -> 0 | BW91: =订货1!AV91 -> 0 | BZ91: =订货1!AW91 -> 0 | CC91: =订货1!AX91 -> 0 | CF91: =订货1!AY91 -> 0 | CI91: =订货1!AZ91 -> 0 | CL91: =订货1!BA91 -> 0 | CO91: =订货1!BB91 -> 0 | CR91: =订货1!BC91 -> 0 | CU91: =订货1!BD91 -> 0 | CX91: =订货1!BE91 -> 0 | DA91: =订货1!BF91 -> 0 | DD91: 0 | DE91: =INT(G91/DI91) -> #DIV/0! | DF91: =IFERROR(DD91+H91-G91,"") -> 0 | DG91: =订货1!$Q91 -> 袋 | DH91: =DF91/($DH$2/10000) -> #DIV/0!
... A113: =订货1!A113 -> 101717 | B113: =VLOOKUP($A113,订货1!$A113:$G355,7,0) -> 辣西西里（北京）国际贸易有限公司 | C113: =VLOOKUP($A113,订货1!$A113:$H355,8,0) -> Cantine Riondo SpA | D113: =VLOOKUP($A113,订货1!$A113:$B355,2,0) -> 薄荷巧克力味冰淇淋 | E113: =VLOOKUP($A113,订货1!$A113:$E355,5,0) -> 85g*9 | F113: =VLOOKUP($A113,订货1!$A113:$F355,6,0) -> 盒 | H113: =O113+R113+X113+AA113+AD113+AG113+AJ113+AM113+AP113+AS113+AV113+AY113+BB113+BE113+BH113+BK113+BN113+BQ113+BT113+BW113+BZ113+CC113+CF113+CI113+CL113+CO113+CR113+U113+I113+L113 -> 5 | O113: =订货1!AB113 -> 0 | R113: =订货1!AC113 -> 1 | U113: =订货1!AD113 -> 0 | X113: =订货1!AE113 -> 0 | AA113: =订货1!AF113 -> 1 | AD113: =订货1!AG113 -> 1 | AG113: =订货1!AH113 -> 0 | AJ113: =订货1!AI113 -> 1 | AM113: =订货1!AJ113 -> 0 | AP113: =订货1!AK113 -> 0 | AS113: =订货1!AL113 -> 0 | AV113: =订货1!AM113 -> 0 | AY113: =订货1!AN113 -> 1 | BB113: =订货1!AO113 -> 0 | BE113: =订货1!AP113 -> 0 | BH113: =订货1!AQ113 -> 0 | BK113: =订货1!AR113 -> 0 | BN113: =订货1!AS113 -> 0 | BQ113: =订货1!AT113 -> 0 | BT113: =订货1!AU113 -> 0 | BW113: =订货1!AV113 -> 0 | BZ113: =订货1!AW113 -> 0 | CC113: =订货1!AX113 -> 0 | CF113: =订货1!AY113 -> 0 | CI113: =订货1!AZ113 -> 0 | CL113: =订货1!BA113 -> 0 | CO113: =订货1!BB113 -> 0 | CR113: =订货1!BC113 -> 0 | CU113: =订货1!BD113 -> 0 | CX113: =订货1!BE113 -> 0 | DA113: =订货1!BF113 -> 0 | DD113: 0 | DE113: =INT(G113/DI113) -> #DIV/0! | DF113: =IFERROR(DD113+H113-G113,"") -> 5 | DG113: =订货1!$Q113 -> 盒 | DH113: =DF113/($DH$2/10000) -> #DIV/0!
A114: =订货1!A114 -> 101703 | B114: =VLOOKUP($A114,订货1!$A114:$G355,7,0) -> 日邦食品（上海）有限公司 | C114: =VLOOKUP($A114,订货1!$A114:$H355,8,0) -> 山东丰龙食品有限公司 | D114: =VLOOKUP($A114,订货1!$A114:$B355,2,0) -> 油炸饭团 | E114: =VLOOKUP($A114,订货1!$A114:$E355,5,0) -> 0.4kg*20pc | F114: =VLOOKUP($A114,订货1!$A114:$F355,6,0) -> 箱 | H114: =O114+R114+X114+AA114+AD114+AG114+AJ114+AM114+AP114+AS114+AV114+AY114+BB114+BE114+BH114+BK114+BN114+BQ114+BT114+BW114+BZ114+CC114+CF114+CI114+CL114+CO114+CR114+U114+I114+L114 -> 0 | O114: =订货1!AB114 -> 0 | R114: =订货1!AC114 -> 0 | U114: =订货1!AD114 -> 0 | X114: =订货1!AE114 -> 0 | AA114: =订货1!AF114 -> 0 | AD114: =订货1!AG114 -> 0 | AG114: =订货1!AH114 -> 0 | AJ114: =订货1!AI114 -> 0 | AM114: =订货1!AJ114 -> 0 | AP114: =订货1!AK114 -> 0 | AS114: =订货1!AL114 -> 0 | AV114: =订货1!AM114 -> 0 | AY114: =订货1!AN114 -> 0 | BB114: =订货1!AO114 -> 0 | BE114: =订货1!AP114 -> 0 | BH114: =订货1!AQ114 -> 0 | BK114: =订货1!AR114 -> 0 | BN114: =订货1!AS114 -> 0 | BQ114: =订货1!AT114 -> 0 | BT114: =订货1!AU114 -> 0 | BW114: =订货1!AV114 -> 0 | BZ114: =订货1!AW114 -> 0 | CC114: =订货1!AX114 -> 0 | CF114: =订货1!AY114 -> 0 | CI114: =订货1!AZ114 -> 0 | CL114: =订货1!BA114 -> 0 | CO114: =订货1!BB114 -> 0 | CR114: =订货1!BC114 -> 0 | CU114: =订货1!BD114 -> 0 | CX114: =订货1!BE114 -> 0 | DA114: =订货1!BF114 -> 0 | DD114: 0 | DE114: =INT(G114/DI114) -> #DIV/0! | DF114: =IFERROR(DD114+H114-G114,"") -> 0 | DG114: =订货1!$Q114 -> 箱 | DH114: =DF114/($DH$2/10000) -> #DIV/0!
A115: =订货1!A115 -> 101751 | B115: =VLOOKUP($A115,订货1!$A115:$G356,7,0) -> 山东美佳集团有限公司市 | C115: =VLOOKUP($A115,订货1!$A115:$H356,8,0) -> 山东美佳集团有限公司 | D115: =VLOOKUP($A115,订货1!$A115:$B356,2,0) -> 明太子 | E115: =VLOOKUP($A115,订货1!$A115:$E356,5,0) -> 0.5kg*10pc | F115: =VLOOKUP($A115,订货1!$A115:$F356,6,0) -> 箱 | H115: =O115+R115+X115+AA115+AD115+AG115+AJ115+AM115+AP115+AS115+AV115+AY115+BB115+BE115+BH115+BK115+BN115+BQ115+BT115+BW115+BZ115+CC115+CF115+CI115+CL115+CO115+CR115+U115+I115+L115 -> 0 | O115: =订货1!AB115 -> 0 | R115: =订货1!AC115 -> 0 | U115: =订货1!AD115 -> 0 | X115: =订货1!AE115 -> 0 | AA115: =订货1!AF115 -> 0 | AD115: =订货1!AG115 -> 0 | AG115: =订货1!AH115 -> 0 | AJ115: =订货1!AI115 -> 0 | AM115: =订货1!AJ115 -> 0 | AP115: =订货1!AK115 -> 0 | AS115: =订货1!AL115 -> 0 | AV115: =订货1!AM115 -> 0 | AY115: =订货1!AN115 -> 0 | BB115: =订货1!AO115 -> 0 | BE115: =订货1!AP115 -> 0 | BH115: =订货1!AQ115 -> 0 | BK115: =订货1!AR115 -> 0 | BN115: =订货1!AS115 -> 0 | BQ115: =订货1!AT115 -> 0 | BT115: =订货1!AU115 -> 0 | BW115: =订货1!AV115 -> 0 | BZ115: =订货1!AW115 -> 0 | CC115: =订货1!AX115 -> 0 | CF115: =订货1!AY115 -> 0 | CI115: =订货1!AZ115 -> 0 | CL115: =订货1!BA115 -> 0 | CO115: =订货1!BB115 -> 0 | CR115: =订货1!BC115 -> 0 | CU115: =订货1!BD115 -> 0 | CX115: =订货1!BE115 -> 0 | DA115: =订货1!BF115 -> 0 | DD115: 0 | DE115: =INT(G115/DI115) -> #DIV/0! | DF115: =IFERROR(DD115+H115-G115,"") -> 0 | DG115: =订货1!$Q115 -> 箱 | DH115: =DF115/($DH$2/10000) -> #DIV/0!
A116: =订货1!A116 -> 101754 | B116: =VLOOKUP($A116,订货1!$A116:$G360,7,0) -> 浙江大菱海洋食品有限公司 | C116: =VLOOKUP($A116,订货1!$A116:$H360,8,0) -> 大洋世家（舟山）优品有限公司 | D116: =VLOOKUP($A116,订货1!$A116:$B360,2,0) -> 炸鱿鱼圈 | E116: =VLOOKUP($A116,订货1!$A116:$E360,5,0) -> 500g*10pc | F116: =VLOOKUP($A116,订货1!$A116:$F360,6,0) -> 箱 | H116: =O116+R116+X116+AA116+AD116+AG116+AJ116+AM116+AP116+AS116+AV116+AY116+BB116+BE116+BH116+BK116+BN116+BQ116+BT116+BW116+BZ116+CC116+CF116+CI116+CL116+CO116+CR116+U116+I116+L116 -> 7 | O116: =订货1!AB116 -> 0 | R116: =订货1!AC116 -> 1 | U116: =订货1!AD116 -> 0 | X116: =订货1!AE116 -> 0 | AA116: =订货1!AF116 -> 1 | AD116: =订货1!AG116 -> 0 | AG116: =订货1!AH116 -> 1 | AJ116: =订货1!AI116 -> 0 | AM116: =订货1!AJ116 -> 1 | AP116: =订货1!AK116 -> 0 | AS116: =订货1!AL116 -> 0 | AV116: =订货1!AM116 -> 1 | AY116: =订货1!AN116 -> 1 | BB116: =订货1!AO116 -> 1 | BE116: =订货1!AP116 -> 0 | BH116: =订货1!AQ116 -> 0 | BK116: =订货1!AR116 -> 0 | BN116: =订货1!AS116 -> 0 | BQ116: =订货1!AT116 -> 0 | BT116: =订货1!AU116 -> 0 | BW116: =订货1!AV116 -> 0 | BZ116: =订货1!AW116 -> 0 | CC116: =订货1!AX116 -> 0 | CF116: =订货1!AY116 -> 0 | CI116: =订货1!AZ116 -> 0 | CL116: =订货1!BA116 -> 0 | CO116: =订货1!BB116 -> 0 | CR116: =订货1!BC116 -> 0 | CU116: =订货1!BD116 -> 0 | CX116: =订货1!BE116 -> 0 | DA116: =订货1!BF116 -> 0 | DD116: 0 | DE116: =INT(G116/DI116) -> #DIV/0! | DF116: =IFERROR(DD116+H116-G116,"") -> 7 | DG116: =订货1!$Q116 -> 箱 | DH116: =DF116/($DH$2/10000) -> #DIV/0!
A117: =订货1!A117 -> 101755 | B117: =VLOOKUP($A117,订货1!$A117:$G361,7,0) -> 上海香尚香食品有限公司 | C117: =VLOOKUP($A117,订货1!$A117:$H361,8,0) -> 上海香尚香食品有限公司 | D117: =VLOOKUP($A117,订货1!$A117:$B361,2,0) -> 速冻甜青豆 | E117: =VLOOKUP($A117,订货1!$A117:$E361,5,0) -> 1kg*4pc | F117: =VLOOKUP($A117,订货1!$A117:$F361,6,0) -> 箱 | H117: =O117+R117+X117+AA117+AD117+AG117+AJ117+AM117+AP117+AS117+AV117+AY117+BB117+BE117+BH117+BK117+BN117+BQ117+BT117+BW117+BZ117+CC117+CF117+CI117+CL117+CO117+CR117+U117+I117+L117 -> 3 | O117: =订货1!AB117 -> 0 | R117: =订货1!AC117 -> 0 | U117: =订货1!AD117 -> 0 | X117: =订货1!AE117 -> 1 | AA117: =订货1!AF117 -> 0 | AD117: =订货1!AG117 -> 0 | AG117: =订货1!AH117 -> 0 | AJ117: =订货1!AI117 -> 1 | AM117: =订货1!AJ117 -> 0 | AP117: =订货1!AK117 -> 0 | AS117: =订货1!AL117 -> 0 | AV117: =订货1!AM117 -> 0 | AY117: =订货1!AN117 -> 0 | BB117: =订货1!AO117 -> 1 | BE117: =订货1!AP117 -> 0 | BH117: =订货1!AQ117 -> 0 | BK117: =订货1!AR117 -> 0 | BN117: =订货1!AS117 -> 0 | BQ117: =订货1!AT117 -> 0 | BT117: =订货1!AU117 -> 0 | BW117: =订货1!AV117 -> 0 | BZ117: =订货1!AW117 -> 0 | CC117: =订货1!AX117 -> 0 | CF117: =订货1!AY117 -> 0 | CI117: =订货1!AZ117 -> 0 | CL117: =订货1!BA117 -> 0 | CO117: =订货1!BB117 -> 0 | CR117: =订货1!BC117 -> 0 | CU117: =订货1!BD117 -> 0 | CX117: =订货1!BE117 -> 0 | DA117: =订货1!BF117 -> 0 | DD117: 0 | DE117: =INT(G117/DI117) -> #DIV/0! | DF117: =IFERROR(DD117+H117-G117,"") -> 3 | DG117: =订货1!$Q117 -> 箱 | DH117: =DF117/($DH$2/10000) -> #DIV/0!
A118: =订货1!A118 -> 101756 | B118: =VLOOKUP($A118,订货1!$A118:$G362,7,0) -> 上海香尚香食品有限公司 | C118: =VLOOKUP($A118,订货1!$A118:$H362,8,0) -> 上海香尚香食品有限公司 | D118: =VLOOKUP($A118,订货1!$A118:$B362,2,0) -> 意式甜椒核桃酱 | E118: =VLOOKUP($A118,订货1!$A118:$E362,5,0) -> 200g*20pc | F118: =VLOOKUP($A118,订货1!$A118:$F362,6,0) -> 箱 | H118: =O118+R118+X118+AA118+AD118+AG118+AJ118+AM118+AP118+AS118+AV118+AY118+BB118+BE118+BH118+BK118+BN118+BQ118+BT118+BW118+BZ118+CC118+CF118+CI118+CL118+CO118+CR118+U118+I118+L118 -> 0 | O118: =订货1!AB118 -> 0 | R118: =订货1!AC118 -> 0 | U118: =订货1!AD118 -> 0 | X118: =订货1!AE118 -> 0 | AA118: =订货1!AF118 -> 0 | AD118: =订货1!AG118 -> 0 | AG118: =订货1!AH118 -> 0 | AJ118: =订货1!AI118 -> 0 | AM118: =订货1!AJ118 -> 0 | AP118: =订货1!AK118 -> 0 | AS118: =订货1!AL118 -> 0 | AV118: =订货1!AM118 -> 0 | AY118: =订货1!AN118 -> 0 | BB118: =订货1!AO118 -> 0 | BE118: =订货1!AP118 -> 0 | BH118: =订货1!AQ118 -> 0 | BK118: =订货1!AR118 -> 0 | BN118: =订货1!AS118 -> 0 | BQ118: =订货1!AT118 -> 0 | BT118: =订货1!AU118 -> 0 | BW118: =订货1!AV118 -> 0 | BZ118: =订货1!AW118 -> 0 | CC118: =订货1!AX118 -> 0 | CF118: =订货1!AY118 -> 0 | CI118: =订货1!AZ118 -> 0 | CL118: =订货1!BA118 -> 0 | CO118: =订货1!BB118 -> 0 | CR118: =订货1!BC118 -> 0 | CU118: =订货1!BD118 -> 0 | CX118: =订货1!BE118 -> 0 | DA118: =订货1!BF118 -> 0 | DD118: 0 | DE118: =INT(G118/DI118) -> #DIV/0! | DF118: =IFERROR(DD118+H118-G118,"") -> 0 | DG118: =订货1!$Q118 -> 箱 | DH118: =DF118/($DH$2/10000) -> #DIV/0!
A119: =订货1!A119 -> 101757 | B119: =VLOOKUP($A119,订货1!$A119:$G363,7,0) -> 融滋合味（上海）科技有限公司 | C119: =VLOOKUP($A119,订货1!$A119:$H363,8,0) -> 连云港明洋食品有限公司 | D119: =VLOOKUP($A119,订货1!$A119:$B363,2,0) -> 海苔片2*35毫米 | E119: =VLOOKUP($A119,订货1!$A119:$E363,5,0) -> 100g | F119: =VLOOKUP($A119,订货1!$A119:$F363,6,0) -> 包 | H119: =O119+R119+X119+AA119+AD119+AG119+AJ119+AM119+AP119+AS119+AV119+AY119+BB119+BE119+BH119+BK119+BN119+BQ119+BT119+BW119+BZ119+CC119+CF119+CI119+CL119+CO119+CR119+U119+I119+L119 -> 5 | O119: =订货1!AB119 -> 0 | R119: =订货1!AC119 -> 1 | U119: =订货1!AD119 -> 0 | X119: =订货1!AE119 -> 0 | AA119: =订货1!AF119 -> 0 | AD119: =订货1!AG119 -> 0 | AG119: =订货1!AH119 -> 1 | AJ119: =订货1!AI119 -> 0 | AM119: =订货1!AJ119 -> 1 | AP119: =订货1!AK119 -> 0 | AS119: =订货1!AL119 -> 1 | AV119: =订货1!AM119 -> 0 | AY119: =订货1!AN119 -> 1 | BB119: =订货1!AO119 -> 0 | BE119: =订货1!AP119 -> 0 | BH119: =订货1!AQ119 -> 0 | BK119: =订货1!AR119 -> 0 | BN119: =订货1!AS119 -> 0 | BQ119: =订货1!AT119 -> 0 | BT119: =订货1!AU119 -> 0 | BW119: =订货1!AV119 -> 0 | BZ119: =订货1!AW119 -> 0 | CC119: =订货1!AX119 -> 0 | CF119: =订货1!AY119 -> 0 | CI119: =订货1!AZ119 -> 0 | CL119: =订货1!BA119 -> 0 | CO119: =订货1!BB119 -> 0 | CR119: =订货1!BC119 -> 0 | CU119: =订货1!BD119 -> 0 | CX119: =订货1!BE119 -> 0 | DA119: =订货1!BF119 -> 0 | DD119: 0 | DE119: =INT(G119/DI119) -> #DIV/0! | DF119: =IFERROR(DD119+H119-G119,"") -> 5 | DG119: =订货1!$Q119 -> 包 | DH119: =DF119/($DH$2/10000) -> #DIV/0!
A120: =订货1!A120 -> 101775 | B120: =VLOOKUP($A120,订货1!$A120:$G364,7,0) -> 秦皇岛双裕食品制造有限公司 | C120: =VLOOKUP($A120,订货1!$A120:$H364,8,0) -> 秦皇岛双裕食品制造有限公司 | D120: =VLOOKUP($A120,订货1!$A120:$B364,2,0) -> 双裕速冻甜玉米粒 | E120: =VLOOKUP($A120,订货1!$A120:$E364,5,0) -> 3KG×4 袋 | F120: =VLOOKUP($A120,订货1!$A120:$F364,6,0) -> 箱 | H120: =O120+R120+X120+AA120+AD120+AG120+AJ120+AM120+AP120+AS120+AV120+AY120+BB120+BE120+BH120+BK120+BN120+BQ120+BT120+BW120+BZ120+CC120+CF120+CI120+CL120+CO120+CR120+U120+I120+L120 -> 0 | O120: =订货1!AB120 -> 0 | R120: =订货1!AC120 -> 0 | U120: =订货1!AD120 -> 0 | X120: =订货1!AE120 -> 0 | AA120: =订货1!AF120 -> 0 | AD120: =订货1!AG120 -> 0 | AG120: =订货1!AH120 -> 0 | AJ120: =订货1!AI120 -> 0 | AM120: =订货1!AJ120 -> 0 | AP120: =订货1!AK120 -> 0 | AS120: =订货1!AL120 -> 0 | AV120: =订货1!AM120 -> 0 | AY120: =订货1!AN120 -> 0 | BB120: =订货1!AO120 -> 0 | BE120: =订货1!AP120 -> 0 | BH120: =订货1!AQ120 -> 0 | BK120: =订货1!AR120 -> 0 | BN120: =订货1!AS120 -> 0 | BQ120: =订货1!AT120 -> 0 | BT120: =订货1!AU120 -> 0 | BW120: =订货1!AV120 -> 0 | BZ120: =订货1!AW120 -> 0 | CC120: =订货1!AX120 -> 0 | CF120: =订货1!AY120 -> 0 | CI120: =订货1!AZ120 -> 0 | CL120: =订货1!BA120 -> 0 | CO120: =订货1!BB120 -> 0 | CR120: =订货1!BC120 -> 0 | CU120: =订货1!BD120 -> 0 | CX120: =订货1!BE120 -> 0 | DA120: =订货1!BF120 -> 0 | DD120: 0 | DE120: =INT(G120/DI120) -> #DIV/0! | DF120: =IFERROR(DD120+H120-G120,"") -> 0 | DG120: =订货1!$Q120 -> 箱 | DH120: =DF120/($DH$2/10000) -> #DIV/0!
A121: =订货1!A121 -> 101559 | B121: =VLOOKUP($A121,订货1!$A121:$G365,7,0) -> 上海煜晟贸易有限公司 | C121: =VLOOKUP($A121,订货1!$A121:$H365,8,0) -> 浙江德馨饮料有限公司 | D121: =VLOOKUP($A121,订货1!$A121:$B365,2,0) -> 妃群果芳红葡萄果汁饮料浓浆 | E121: =VLOOKUP($A121,订货1!$A121:$E365,5,0) -> 5L*4pc | F121: =VLOOKUP($A121,订货1!$A121:$F365,6,0) -> 箱 | H121: =O121+R121+X121+AA121+AD121+AG121+AJ121+AM121+AP121+AS121+AV121+AY121+BB121+BE121+BH121+BK121+BN121+BQ121+BT121+BW121+BZ121+CC121+CF121+CI121+CL121+CO121+CR121+U121+I121+L121 -> 0 | O121: =订货1!AB121 -> 0 | R121: =订货1!AC121 -> 0 | U121: =订货1!AD121 -> 0 | X121: =订货1!AE121 -> 0 | AA121: =订货1!AF121 -> 0 | AD121: =订货1!AG121 -> 0 | AG121: =订货1!AH121 -> 0 | AJ121: =订货1!AI121 -> 0 | AM121: =订货1!AJ121 -> 0 | AP121: =订货1!AK121 -> 0 | AS121: =订货1!AL121 -> 0 | AV121: =订货1!AM121 -> 0 | AY121: =订货1!AN121 -> 0 | BB121: =订货1!AO121 -> 0 | BE121: =订货1!AP121 -> 0 | BH121: =订货1!AQ121 -> 0 | BK121: =订货1!AR121 -> 0 | BN121: =订货1!AS121 -> 0 | BQ121: =订货1!AT121 -> 0 | BT121: =订货1!AU121 -> 0 | BW121: =订货1!AV121 -> 0 | BZ121: =订货1!AW121 -> 0 | CC121: =订货1!AX121 -> 0 | CF121: =订货1!AY121 -> 0 | CI121: =订货1!AZ121 -> 0 | CL121: =订货1!BA121 -> 0 | CO121: =订货1!BB121 -> 0 | CR121: =订货1!BC121 -> 0 | CU121: =订货1!BD121 -> 0 | CX121: =订货1!BE121 -> 0 | DA121: =订货1!BF121 -> 0 | DD121: 0 | DE121: =INT(G121/DI121) -> #DIV/0! | DF121: =IFERROR(DD121+H121-G121,"") -> 0 | DG121: =订货1!$Q121 -> 箱 | DH121: =DF121/($DH$2/10000) -> #DIV/0!
A122: =订货1!A122 -> 101560 | B122: =VLOOKUP($A122,订货1!$A122:$G366,7,0) -> 上海煜晟贸易有限公司 | C122: =VLOOKUP($A122,订货1!$A122:$H366,8,0) -> 浙江德馨饮料有限公司 | D122: =VLOOKUP($A122,订货1!$A122:$B366,2,0) -> 妃群果芳蔓越莓果汁饮料浓浆 | E122: =VLOOKUP($A122,订货1!$A122:$E366,5,0) -> 5L*4pc | F122: =VLOOKUP($A122,订货1!$A122:$F366,6,0) -> 箱 | H122: =O122+R122+X122+AA122+AD122+AG122+AJ122+AM122+AP122+AS122+AV122+AY122+BB122+BE122+BH122+BK122+BN122+BQ122+BT122+BW122+BZ122+CC122+CF122+CI122+CL122+CO122+CR122+U122+I122+L122 -> 0 | O122: =订货1!AB122 -> 0 | R122: =订货1!AC122 -> 0 | U122: =订货1!AD122 -> 0 | X122: =订货1!AE122 -> 0 | AA122: =订货1!AF122 -> 0 | AD122: =订货1!AG122 -> 0 | AG122: =订货1!AH122 -> 0 | AJ122: =订货1!AI122 -> 0 | AM122: =订货1!AJ122 -> 0 | AP122: =订货1!AK122 -> 0 | AS122: =订货1!AL122 -> 0 | AV122: =订货1!AM122 -> 0 | AY122: =订货1!AN122 -> 0 | BB122: =订货1!AO122 -> 0 | BE122: =订货1!AP122 -> 0 | BH122: =订货1!AQ122 -> 0 | BK122: =订货1!AR122 -> 0 | BN122: =订货1!AS122 -> 0 | BQ122: =订货1!AT122 -> 0 | BT122: =订货1!AU122 -> 0 | BW122: =订货1!AV122 -> 0 | BZ122: =订货1!AW122 -> 0 | CC122: =订货1!AX122 -> 0 | CF122: =订货1!AY122 -> 0 | CI122: =订货1!AZ122 -> 0 | CL122: =订货1!BA122 -> 0 | CO122: =订货1!BB122 -> 0 | CR122: =订货1!BC122 -> 0 | CU122: =订货1!BD122 -> 0 | CX122: =订货1!BE122 -> 0 | DA122: =订货1!BF122 -> 0 | DD122: 0 | DE122: =INT(G122/DI122) -> #DIV/0! | DF122: =IFERROR(DD122+H122-G122,"") -> 0 | DG122: =订货1!$Q122 -> 箱 | DH122: =DF122/($DH$2/10000) -> #DIV/0!
A123: =订货1!A123 -> 101561 | B123: =VLOOKUP($A123,订货1!$A123:$G367,7,0) -> 上海煜晟贸易有限公司 | C123: =VLOOKUP($A123,订货1!$A123:$H367,8,0) -> 浙江德馨饮料有限公司 | D123: =VLOOKUP($A123,订货1!$A123:$B367,2,0) -> 妃群果芳芒果果汁饮料浓浆 | E123: =VLOOKUP($A123,订货1!$A123:$E367,5,0) -> 5L*4pc | F123: =VLOOKUP($A123,订货1!$A123:$F367,6,0) -> 箱 | H123: =O123+R123+X123+AA123+AD123+AG123+AJ123+AM123+AP123+AS123+AV123+AY123+BB123+BE123+BH123+BK123+BN123+BQ123+BT123+BW123+BZ123+CC123+CF123+CI123+CL123+CO123+CR123+U123+I123+L123 -> 0 | O123: =订货1!AB123 -> 0 | R123: =订货1!AC123 -> 0 | U123: =订货1!AD123 -> 0 | X123: =订货1!AE123 -> 0 | AA123: =订货1!AF123 -> 0 | AD123: =订货1!AG123 -> 0 | AG123: =订货1!AH123 -> 0 | AJ123: =订货1!AI123 -> 0 | AM123: =订货1!AJ123 -> 0 | AP123: =订货1!AK123 -> 0 | AS123: =订货1!AL123 -> 0 | AV123: =订货1!AM123 -> 0 | AY123: =订货1!AN123 -> 0 | BB123: =订货1!AO123 -> 0 | BE123: =订货1!AP123 -> 0 | BH123: =订货1!AQ123 -> 0 | BK123: =订货1!AR123 -> 0 | BN123: =订货1!AS123 -> 0 | BQ123: =订货1!AT123 -> 0 | BT123: =订货1!AU123 -> 0 | BW123: =订货1!AV123 -> 0 | BZ123: =订货1!AW123 -> 0 | CC123: =订货1!AX123 -> 0 | CF123: =订货1!AY123 -> 0 | CI123: =订货1!AZ123 -> 0 | CL123: =订货1!BA123 -> 0 | CO123: =订货1!BB123 -> 0 | CR123: =订货1!BC123 -> 0 | CU123: =订货1!BD123 -> 0 | CX123: =订货1!BE123 -> 0 | DA123: =订货1!BF123 -> 0 | DD123: 0 | DE123: =INT(G123/DI123) -> #DIV/0! | DF123: =IFERROR(DD123+H123-G123,"") -> 0 | DG123: =订货1!$Q123 -> 箱 | DH123: =DF123/($DH$2/10000) -> #DIV/0!
A124: =订货1!A124 -> 101562 | B124: =VLOOKUP($A124,订货1!$A124:$G368,7,0) -> 上海煜晟贸易有限公司 | C124: =VLOOKUP($A124,订货1!$A124:$H368,8,0) -> 浙江德馨饮料有限公司 | D124: =VLOOKUP($A124,订货1!$A124:$B368,2,0) -> 妃群果芳柳橙果汁饮料浓浆 | E124: =VLOOKUP($A124,订货1!$A124:$E368,5,0) -> 5L*4pc | F124: =VLOOKUP($A124,订货1!$A124:$F368,6,0) -> 箱 | H124: =O124+R124+X124+AA124+AD124+AG124+AJ124+AM124+AP124+AS124+AV124+AY124+BB124+BE124+BH124+BK124+BN124+BQ124+BT124+BW124+BZ124+CC124+CF124+CI124+CL124+CO124+CR124+U124+I124+L124 -> 0 | O124: =订货1!AB124 -> 0 | R124: =订货1!AC124 -> 0 | U124: =订货1!AD124 -> 0 | X124: =订货1!AE124 -> 0 | AA124: =订货1!AF124 -> 0 | AD124: =订货1!AG124 -> 0 | AG124: =订货1!AH124 -> 0 | AJ124: =订货1!AI124 -> 0 | AM124: =订货1!AJ124 -> 0 | AP124: =订货1!AK124 -> 0 | AS124: =订货1!AL124 -> 0 | AV124: =订货1!AM124 -> 0 | AY124: =订货1!AN124 -> 0 | BB124: =订货1!AO124 -> 0 | BE124: =订货1!AP124 -> 0 | BH124: =订货1!AQ124 -> 0 | BK124: =订货1!AR124 -> 0 | BN124: =订货1!AS124 -> 0 | BQ124: =订货1!AT124 -> 0 | BT124: =订货1!AU124 -> 0 | BW124: =订货1!AV124 -> 0 | BZ124: =订货1!AW124 -> 0 | CC124: =订货1!AX124 -> 0 | CF124: =订货1!AY124 -> 0 | CI124: =订货1!AZ124 -> 0 | CL124: =订货1!BA124 -> 0 | CO124: =订货1!BB124 -> 0 | CR124: =订货1!BC124 -> 0 | CU124: =订货1!BD124 -> 0 | CX124: =订货1!BE124 -> 0 | DA124: =订货1!BF124 -> 0 | DD124: 0 | DE124: =INT(G124/DI124) -> #DIV/0! | DF124: =IFERROR(DD124+H124-G124,"") -> 0 | DG124: =订货1!$Q124 -> 箱 | DH124: =DF124/($DH$2/10000) -> #DIV/0!
A125: =订货1!A125 -> 101749 | B125: =VLOOKUP($A125,订货1!$A125:$G369,7,0) -> 上海煜晟贸易有限公司 | C125: =VLOOKUP($A125,订货1!$A125:$H369,8,0) -> 金绿源（中国）生物科技有限公司 | D125: =VLOOKUP($A125,订货1!$A125:$B369,2,0) -> 白桃乌龙（茶饮浓缩液） | E125: =VLOOKUP($A125,订货1!$A125:$E369,5,0) -> 3L*4pc | F125: =VLOOKUP($A125,订货1!$A125:$F369,6,0) -> 箱 | H125: =O125+R125+X125+AA125+AD125+AG125+AJ125+AM125+AP125+AS125+AV125+AY125+BB125+BE125+BH125+BK125+BN125+BQ125+BT125+BW125+BZ125+CC125+CF125+CI125+CL125+CO125+CR125+U125+I125+L125 -> 0 | O125: =订货1!AB125 -> 0 | R125: =订货1!AC125 -> 0 | U125: =订货1!AD125 -> 0 | X125: =订货1!AE125 -> 0 | AA125: =订货1!AF125 -> 0 | AD125: =订货1!AG125 -> 0 | AG125: =订货1!AH125 -> 0 | AJ125: =订货1!AI125 -> 0 | AM125: =订货1!AJ125 -> 0 | AP125: =订货1!AK125 -> 0 | AS125: =订货1!AL125 -> 0 | AV125: =订货1!AM125 -> 0 | AY125: =订货1!AN125 -> 0 | BB125: =订货1!AO125 -> 0 | BE125: =订货1!AP125 -> 0 | BH125: =订货1!AQ125 -> 0 | BK125: =订货1!AR125 -> 0 | BN125: =订货1!AS125 -> 0 | BQ125: =订货1!AT125 -> 0 | BT125: =订货1!AU125 -> 0 | BW125: =订货1!AV125 -> 0 | BZ125: =订货1!AW125 -> 0 | CC125: =订货1!AX125 -> 0 | CF125: =订货1!AY125 -> 0 | CI125: =订货1!AZ125 -> 0 | CL125: =订货1!BA125 -> 0 | CO125: =订货1!BB125 -> 0 | CR125: =订货1!BC125 -> 0 | CU125: =订货1!BD125 -> 0 | CX125: =订货1!BE125 -> 0 | DA125: =订货1!BF125 -> 0 | DD125: 0 | DE125: =INT(G125/DI125) -> #DIV/0! | DF125: =IFERROR(DD125+H125-G125,"") -> 0 | DG125: =订货1!$Q125 -> 箱 | DH125: =DF125/($DH$2/10000) -> #DIV/0!
A126: =订货1!A126 -> 101592 | B126: =VLOOKUP($A126,订货1!$A126:$G370,7,0) -> 辣西西里（北京）国际贸易有限公司 | C126: =VLOOKUP($A126,订货1!$A126:$H370,8,0) -> TENUTA POGGIO ALLA SALA SOCIETA' AGRICOLA SRL | D126: =VLOOKUP($A126,订货1!$A126:$B370,2,0) -> 柯万特酒庄蒂安诺干红葡萄酒 | E126: =VLOOKUP($A126,订货1!$A126:$E370,5,0) -> 750ml*6瓶 | F126: =VLOOKUP($A126,订货1!$A126:$F370,6,0) -> 箱 | H126: =O126+R126+X126+AA126+AD126+AG126+AJ126+AM126+AP126+AS126+AV126+AY126+BB126+BE126+BH126+BK126+BN126+BQ126+BT126+BW126+BZ126+CC126+CF126+CI126+CL126+CO126+CR126+U126+I126+L126 -> 0 | O126: =订货1!AB126 -> 0 | R126: =订货1!AC126 -> 0 | U126: =订货1!AD126 -> 0 | X126: =订货1!AE126 -> 0 | AA126: =订货1!AF126 -> 0 | AD126: =订货1!AG126 -> 0 | AG126: =订货1!AH126 -> 0 | AJ126: =订货1!AI126 -> 0 | AM126: =订货1!AJ126 -> 0 | AP126: =订货1!AK126 -> 0 | AS126: =订货1!AL126 -> 0 | AV126: =订货1!AM126 -> 0 | AY126: =订货1!AN126 -> 0 | BB126: =订货1!AO126 -> 0 | BE126: =订货1!AP126 -> 0 | BH126: =订货1!AQ126 -> 0 | BK126: =订货1!AR126 -> 0 | BN126: =订货1!AS126 -> 0 | BQ126: =订货1!AT126 -> 0 | BT126: =订货1!AU126 -> 0 | BW126: =订货1!AV126 -> 0 | BZ126: =订货1!AW126 -> 0 | CC126: =订货1!AX126 -> 0 | CF126: =订货1!AY126 -> 0 | CI126: =订货1!AZ126 -> 0 | CL126: =订货1!BA126 -> 0 | CO126: =订货1!BB126 -> 0 | CR126: =订货1!BC126 -> 0 | CU126: =订货1!BD126 -> 0 | CX126: =订货1!BE126 -> 0 | DA126: =订货1!BF126 -> 0 | DD126: 0 | DE126: =INT(G126/DI126) -> #DIV/0! | DF126: =IFERROR(DD126+H126-G126,"") -> 0 | DG126: =订货1!$Q126 -> 箱 | DH126: =DF126/($DH$2/10000) -> #DIV/0!
A127: =订货1!A127 -> 101598 | B127: =VLOOKUP($A127,订货1!$A127:$G371,7,0) -> 辣西西里（北京）国际贸易有限公司 | C127: =VLOOKUP($A127,订货1!$A127:$H371,8,0) -> Consorzio Casalasco del Pomodoro | D127: =VLOOKUP($A127,订货1!$A127:$B371,2,0) -> 辣西西里-披萨调味酱 | E127: =VLOOKUP($A127,订货1!$A127:$E371,5,0) -> 4.1kg*3pc | F127: =VLOOKUP($A127,订货1!$A127:$F371,6,0) -> 箱 | H127: =O127+R127+X127+AA127+AD127+AG127+AJ127+AM127+AP127+AS127+AV127+AY127+BB127+BE127+BH127+BK127+BN127+BQ127+BT127+BW127+BZ127+CC127+CF127+CI127+CL127+CO127+CR127+U127+I127+L127 -> 2 | O127: =订货1!AB127 -> 0 | R127: =订货1!AC127 -> 0 | U127: =订货1!AD127 -> 0 | X127: =订货1!AE127 -> 0 | AA127: =订货1!AF127 -> 1 | AD127: =订货1!AG127 -> 0 | AG127: =订货1!AH127 -> 0 | AJ127: =订货1!AI127 -> 0 | AM127: =订货1!AJ127 -> 0 | AP127: =订货1!AK127 -> 0 | AS127: =订货1!AL127 -> 0 | AV127: =订货1!AM127 -> 0 | AY127: =订货1!AN127 -> 0 | BB127: =订货1!AO127 -> 1 | BE127: =订货1!AP127 -> 0 | BH127: =订货1!AQ127 -> 0 | BK127: =订货1!AR127 -> 0 | BN127: =订货1!AS127 -> 0 | BQ127: =订货1!AT127 -> 0 | BT127: =订货1!AU127 -> 0 | BW127: =订货1!AV127 -> 0 | BZ127: =订货1!AW127 -> 0 | CC127: =订货1!AX127 -> 0 | CF127: =订货1!AY127 -> 0 | CI127: =订货1!AZ127 -> 0 | CL127: =订货1!BA127 -> 0 | CO127: =订货1!BB127 -> 0 | CR127: =订货1!BC127 -> 0 | CU127: =订货1!BD127 -> 0 | CX127: =订货1!BE127 -> 0 | DA127: =订货1!BF127 -> 0 | DD127: 0 | DE127: =INT(G127/DI127) -> #DIV/0! | DF127: =IFERROR(DD127+H127-G127,"") -> 2 | DG127: =订货1!$Q127 -> 箱 | DH127: =DF127/($DH$2/10000) -> #DIV/0!
... A133: =订货1!A133 -> 700006 | B133: =VLOOKUP($A133,订货1!$A133:$G377,7,0) -> 江苏太古可口可乐饮料有限公司 | C133: =VLOOKUP($A133,订货1!$A133:$H377,8,0) -> 江苏太古可口可乐饮料有限公司 | D133: =VLOOKUP($A133,订货1!$A133:$B377,2,0) -> 零度可乐糖浆 | E133: =VLOOKUP($A133,订货1!$A133:$E377,5,0) -> 10L | F133: =VLOOKUP($A133,订货1!$A133:$F377,6,0) -> 箱 | H133: =O133+R133+X133+AA133+AD133+AG133+AJ133+AM133+AP133+AS133+AV133+AY133+BB133+BE133+BH133+BK133+BN133+BQ133+BT133+BW133+BZ133+CC133+CF133+CI133+CL133+CO133+CR133+U133+I133+L133 -> 0 | O133: =订货1!AB133 -> 0 | R133: =订货1!AC133 -> 0 | U133: =订货1!AD133 -> 0 | X133: =订货1!AE133 -> 0 | AA133: =订货1!AF133 -> 0 | AD133: =订货1!AG133 -> 0 | AG133: =订货1!AH133 -> 0 | AJ133: =订货1!AI133 -> 0 | AM133: =订货1!AJ133 -> 0 | AP133: =订货1!AK133 -> 0 | AS133: =订货1!AL133 -> 0 | AV133: =订货1!AM133 -> 0 | AY133: =订货1!AN133 -> 0 | BB133: =订货1!AO133 -> 0 | BE133: =订货1!AP133 -> 0 | BH133: =订货1!AQ133 -> 0 | BK133: =订货1!AR133 -> 0 | BN133: =订货1!AS133 -> 0 | BQ133: =订货1!AT133 -> 0 | BT133: =订货1!AU133 -> 0 | BW133: =订货1!AV133 -> 0 | BZ133: =订货1!AW133 -> 0 | CC133: =订货1!AX133 -> 0 | CF133: =订货1!AY133 -> 0 | CI133: =订货1!AZ133 -> 0 | CL133: =订货1!BA133 -> 0 | CO133: =订货1!BB133 -> 0 | CR133: =订货1!BC133 -> 0 | CU133: =订货1!BD133 -> 0 | CX133: =订货1!BE133 -> 0 | DA133: =订货1!BF133 -> 0 | DD133: 0 | DE133: =INT(G133/DI133) -> #DIV/0! | DF133: =IFERROR(DD133+H133-G133,"") -> 0 | DG133: =订货1!$Q133 -> 箱 | DH133: =DF133/($DH$2/10000) -> #DIV/0!
A134: =订货1!A134 -> 700005 | B134: =VLOOKUP($A134,订货1!$A134:$G377,7,0) -> 江苏太古可口可乐饮料有限公司 | C134: =VLOOKUP($A134,订货1!$A134:$H377,8,0) -> 江苏太古可口可乐饮料有限公司 | D134: =VLOOKUP($A134,订货1!$A134:$B377,2,0) -> 中萃碳酸（仅限南京店用） | E134: =VLOOKUP($A134,订货1!$A134:$E377,5,0) -> 桶 | F134: =VLOOKUP($A134,订货1!$A134:$F377,6,0) -> 桶 | H134: =O134+R134+X134+AA134+AD134+AG134+AJ134+AM134+AP134+AS134+AV134+AY134+BB134+BE134+BH134+BK134+BN134+BQ134+BT134+BW134+BZ134+CC134+CF134+CI134+CL134+CO134+CR134+U134+I134+L134 -> 0 | O134: =订货1!AB134 -> 0 | R134: =订货1!AC134 -> 0 | U134: =订货1!AD134 -> 0 | X134: =订货1!AE134 -> 0 | AA134: =订货1!AF134 -> 0 | AD134: =订货1!AG134 -> 0 | AG134: =订货1!AH134 -> 0 | AJ134: =订货1!AI134 -> 0 | AM134: =订货1!AJ134 -> 0 | AP134: =订货1!AK134 -> 0 | AS134: =订货1!AL134 -> 0 | AV134: =订货1!AM134 -> 0 | AY134: =订货1!AN134 -> 0 | BB134: =订货1!AO134 -> 0 | BE134: =订货1!AP134 -> 0 | BH134: =订货1!AQ134 -> 0 | BK134: =订货1!AR134 -> 0 | BN134: =订货1!AS134 -> 0 | BQ134: =订货1!AT134 -> 0 | BT134: =订货1!AU134 -> 0 | BW134: =订货1!AV134 -> 0 | BZ134: =订货1!AW134 -> 0 | CC134: =订货1!AX134 -> 0 | CF134: =订货1!AY134 -> 0 | CI134: =订货1!AZ134 -> 0 | CL134: =订货1!BA134 -> 0 | CO134: =订货1!BB134 -> 0 | CR134: =订货1!BC134 -> 0 | CU134: =订货1!BD134 -> 0 | CX134: =订货1!BE134 -> 0 | DA134: =订货1!BF134 -> 0 | DD134: 0 | DE134: =INT(G134/DI134) -> #DIV/0! | DF134: =IFERROR(DD134+H134-G134,"") -> 0 | DG134: =订货1!$Q134 -> 桶 | DH134: =DF134/($DH$2/10000) -> #DIV/0!
A135: =订货1!A135 -> 101696 | B135: =VLOOKUP($A135,订货1!$A135:$G378,7,0) -> 熠沣实业（上海）有限公司 | C135: =VLOOKUP($A135,订货1!$A135:$H378,8,0) -> 内蒙古薯都凯达食品有限公司 | D135: =VLOOKUP($A135,订货1!$A135:$B378,2,0) -> 凯达冷冻圆形薯饼 | E135: =VLOOKUP($A135,订货1!$A135:$E378,5,0) -> 2kg*5 | F135: =VLOOKUP($A135,订货1!$A135:$F378,6,0) -> 箱 | H135: =O135+R135+X135+AA135+AD135+AG135+AJ135+AM135+AP135+AS135+AV135+AY135+BB135+BE135+BH135+BK135+BN135+BQ135+BT135+BW135+BZ135+CC135+CF135+CI135+CL135+CO135+CR135+U135+I135+L135 -> 0 | O135: =订货1!AB135 -> 0 | R135: =订货1!AC135 -> 0 | U135: =订货1!AD135 -> 0 | X135: =订货1!AE135 -> 0 | AA135: =订货1!AF135 -> 0 | AD135: =订货1!AG135 -> 0 | AG135: =订货1!AH135 -> 0 | AJ135: =订货1!AI135 -> 0 | AM135: =订货1!AJ135 -> 0 | AP135: =订货1!AK135 -> 0 | AS135: =订货1!AL135 -> 0 | AV135: =订货1!AM135 -> 0 | AY135: =订货1!AN135 -> 0 | BB135: =订货1!AO135 -> 0 | BE135: =订货1!AP135 -> 0 | BH135: =订货1!AQ135 -> 0 | BK135: =订货1!AR135 -> 0 | BN135: =订货1!AS135 -> 0 | BQ135: =订货1!AT135 -> 0 | BT135: =订货1!AU135 -> 0 | BW135: =订货1!AV135 -> 0 | BZ135: =订货1!AW135 -> 0 | CC135: =订货1!AX135 -> 0 | CF135: =订货1!AY135 -> 0 | CI135: =订货1!AZ135 -> 0 | CL135: =订货1!BA135 -> 0 | CO135: =订货1!BB135 -> 0 | CR135: =订货1!BC135 -> 0 | CU135: =订货1!BD135 -> 0 | CX135: =订货1!BE135 -> 0 | DA135: =订货1!BF135 -> 0 | DD135: 0 | DE135: =INT(G135/DI135) -> #DIV/0! | DF135: =IFERROR(DD135+H135-G135,"") -> 0 | DG135: =订货1!$Q135 -> 箱 | DH135: =DF135/($DH$2/10000) -> #DIV/0!
A136: =订货1!A136 -> 101697 | B136: =VLOOKUP($A136,订货1!$A136:$G379,7,0) -> 浙江大菱海洋食品有限公司 | C136: =VLOOKUP($A136,订货1!$A136:$H379,8,0) -> 大洋世家（舟山）优品有限公司 | D136: =VLOOKUP($A136,订货1!$A136:$B379,2,0) -> 半壳贻贝 | E136: =VLOOKUP($A136,订货1!$A136:$E379,5,0) -> 0.5kg*20pkt | F136: =VLOOKUP($A136,订货1!$A136:$F379,6,0) -> 箱 | H136: =O136+R136+X136+AA136+AD136+AG136+AJ136+AM136+AP136+AS136+AV136+AY136+BB136+BE136+BH136+BK136+BN136+BQ136+BT136+BW136+BZ136+CC136+CF136+CI136+CL136+CO136+CR136+U136+I136+L136 -> 3 | O136: =订货1!AB136 -> 0 | R136: =订货1!AC136 -> 1 | U136: =订货1!AD136 -> 0 | X136: =订货1!AE136 -> 0 | AA136: =订货1!AF136 -> 0 | AD136: =订货1!AG136 -> 0 | AG136: =订货1!AH136 -> 0 | AJ136: =订货1!AI136 -> 1 | AM136: =订货1!AJ136 -> 0 | AP136: =订货1!AK136 -> 0 | AS136: =订货1!AL136 -> 0 | AV136: =订货1!AM136 -> 0 | AY136: =订货1!AN136 -> 0 | BB136: =订货1!AO136 -> 1 | BE136: =订货1!AP136 -> 0 | BH136: =订货1!AQ136 -> 0 | BK136: =订货1!AR136 -> 0 | BN136: =订货1!AS136 -> 0 | BQ136: =订货1!AT136 -> 0 | BT136: =订货1!AU136 -> 0 | BW136: =订货1!AV136 -> 0 | BZ136: =订货1!AW136 -> 0 | CC136: =订货1!AX136 -> 0 | CF136: =订货1!AY136 -> 0 | CI136: =订货1!AZ136 -> 0 | CL136: =订货1!BA136 -> 0 | CO136: =订货1!BB136 -> 0 | CR136: =订货1!BC136 -> 0 | CU136: =订货1!BD136 -> 0 | CX136: =订货1!BE136 -> 0 | DA136: =订货1!BF136 -> 0 | DD136: 0 | DE136: =INT(G136/DI136) -> #DIV/0! | DF136: =IFERROR(DD136+H136-G136,"") -> 3 | DG136: =订货1!$Q136 -> 箱 | DH136: =DF136/($DH$2/10000) -> #DIV/0!
A137: =订货1!A137 -> 101149 | B137: =VLOOKUP($A137,订货1!$A137:$G380,7,0) -> 浙江大菱海洋食品有限公司 | C137: =VLOOKUP($A137,订货1!$A137:$H380,8,0) -> 大洋世家（舟山）优品有限公司 | D137: =VLOOKUP($A137,订货1!$A137:$B380,2,0) -> 油浸金枪鱼 | E137: =VLOOKUP($A137,订货1!$A137:$E380,5,0) -> 1kg*12 | F137: =VLOOKUP($A137,订货1!$A137:$F380,6,0) -> 箱 | H137: =O137+R137+X137+AA137+AD137+AG137+AJ137+AM137+AP137+AS137+AV137+AY137+BB137+BE137+BH137+BK137+BN137+BQ137+BT137+BW137+BZ137+CC137+CF137+CI137+CL137+CO137+CR137+U137+I137+L137 -> 1 | O137: =订货1!AB137 -> 0 | R137: =订货1!AC137 -> 0 | U137: =订货1!AD137 -> 0 | X137: =订货1!AE137 -> 0 | AA137: =订货1!AF137 -> 0 | AD137: =订货1!AG137 -> 0 | AG137: =订货1!AH137 -> 1 | AJ137: =订货1!AI137 -> 0 | AM137: =订货1!AJ137 -> 0 | AP137: =订货1!AK137 -> 0 | AS137: =订货1!AL137 -> 0 | AV137: =订货1!AM137 -> 0 | AY137: =订货1!AN137 -> 0 | BB137: =订货1!AO137 -> 0 | BE137: =订货1!AP137 -> 0 | BH137: =订货1!AQ137 -> 0 | BK137: =订货1!AR137 -> 0 | BN137: =订货1!AS137 -> 0 | BQ137: =订货1!AT137 -> 0 | BT137: =订货1!AU137 -> 0 | BW137: =订货1!AV137 -> 0 | BZ137: =订货1!AW137 -> 0 | CC137: =订货1!AX137 -> 0 | CF137: =订货1!AY137 -> 0 | CI137: =订货1!AZ137 -> 0 | CL137: =订货1!BA137 -> 0 | CO137: =订货1!BB137 -> 0 | CR137: =订货1!BC137 -> 0 | CU137: =订货1!BD137 -> 0 | CX137: =订货1!BE137 -> 0 | DA137: =订货1!BF137 -> 0 | DD137: 0 | DE137: =INT(G137/DI137) -> #DIV/0! | DF137: =IFERROR(DD137+H137-G137,"") -> 1 | DG137: =订货1!$Q137 -> 箱 | DH137: =DF137/($DH$2/10000) -> #DIV/0!
A138: =订货1!A138 -> 101182 | B138: =VLOOKUP($A138,订货1!$A138:$G381,7,0) -> 上海意文食品科技有限公司 | C138: =VLOOKUP($A138,订货1!$A138:$H381,8,0) -> Hochwald Foods GmbH | D138: =VLOOKUP($A138,订货1!$A138:$B381,2,0) -> 意文全脂牛奶 | E138: =VLOOKUP($A138,订货1!$A138:$E381,5,0) -> 1L*12pc | F138: =VLOOKUP($A138,订货1!$A138:$F381,6,0) -> 箱 | H138: =O138+R138+X138+AA138+AD138+AG138+AJ138+AM138+AP138+AS138+AV138+AY138+BB138+BE138+BH138+BK138+BN138+BQ138+BT138+BW138+BZ138+CC138+CF138+CI138+CL138+CO138+CR138+U138+I138+L138 -> 0 | O138: =订货1!AB138 -> 0 | R138: =订货1!AC138 -> 0 | U138: =订货1!AD138 -> 0 | X138: =订货1!AE138 -> 0 | AA138: =订货1!AF138 -> 0 | AD138: =订货1!AG138 -> 0 | AG138: =订货1!AH138 -> 0 | AJ138: =订货1!AI138 -> 0 | AM138: =订货1!AJ138 -> 0 | AP138: =订货1!AK138 -> 0 | AS138: =订货1!AL138 -> 0 | AV138: =订货1!AM138 -> 0 | AY138: =订货1!AN138 -> 0 | BB138: =订货1!AO138 -> 0 | BE138: =订货1!AP138 -> 0 | BH138: =订货1!AQ138 -> 0 | BK138: =订货1!AR138 -> 0 | BN138: =订货1!AS138 -> 0 | BQ138: =订货1!AT138 -> 0 | BT138: =订货1!AU138 -> 0 | BW138: =订货1!AV138 -> 0 | BZ138: =订货1!AW138 -> 0 | CC138: =订货1!AX138 -> 0 | CF138: =订货1!AY138 -> 0 | CI138: =订货1!AZ138 -> 0 | CL138: =订货1!BA138 -> 0 | CO138: =订货1!BB138 -> 0 | CR138: =订货1!BC138 -> 0 | CU138: =订货1!BD138 -> 0 | CX138: =订货1!BE138 -> 0 | DA138: =订货1!BF138 -> 0 | DD138: 0 | DE138: =INT(G138/DI138) -> #DIV/0! | DF138: =IFERROR(DD138+H138-G138,"") -> 0 | DG138: =订货1!$Q138 -> 箱 | DH138: =DF138/($DH$2/10000) -> #DIV/0!
A139: =订货1!A139 -> 101603 | B139: =VLOOKUP($A139,订货1!$A139:$G382,7,0) -> 川商（大連）貿易有限公司 | C139: =VLOOKUP($A139,订货1!$A139:$H382,8,0) -> 栄成嘉源食品有限公司 | D139: =VLOOKUP($A139,订货1!$A139:$B382,2,0) -> 格益莎油浸金枪鱼袋包装 | E139: =VLOOKUP($A139,订货1!$A139:$E382,5,0) -> 1.1kg*12pkt | F139: =VLOOKUP($A139,订货1!$A139:$F382,6,0) -> 箱 | H139: =O139+R139+X139+AA139+AD139+AG139+AJ139+AM139+AP139+AS139+AV139+AY139+BB139+BE139+BH139+BK139+BN139+BQ139+BT139+BW139+BZ139+CC139+CF139+CI139+CL139+CO139+CR139+U139+I139+L139 -> 0 | O139: =订货1!AB139 -> 0 | R139: =订货1!AC139 -> 0 | U139: =订货1!AD139 -> 0 | X139: =订货1!AE139 -> 0 | AA139: =订货1!AF139 -> 0 | AD139: =订货1!AG139 -> 0 | AG139: =订货1!AH139 -> 0 | AJ139: =订货1!AI139 -> 0 | AM139: =订货1!AJ139 -> 0 | AP139: =订货1!AK139 -> 0 | AS139: =订货1!AL139 -> 0 | AV139: =订货1!AM139 -> 0 | AY139: =订货1!AN139 -> 0 | BB139: =订货1!AO139 -> 0 | BE139: =订货1!AP139 -> 0 | BH139: =订货1!AQ139 -> 0 | BK139: =订货1!AR139 -> 0 | BN139: =订货1!AS139 -> 0 | BQ139: =订货1!AT139 -> 0 | BT139: =订货1!AU139 -> 0 | BW139: =订货1!AV139 -> 0 | BZ139: =订货1!AW139 -> 0 | CC139: =订货1!AX139 -> 0 | CF139: =订货1!AY139 -> 0 | CI139: =订货1!AZ139 -> 0 | CL139: =订货1!BA139 -> 0 | CO139: =订货1!BB139 -> 0 | CR139: =订货1!BC139 -> 0 | CU139: =订货1!BD139 -> 0 | CX139: =订货1!BE139 -> 0 | DA139: =订货1!BF139 -> 0 | DD139: 0 | DE139: =INT(G139/DI139) -> #DIV/0! | DF139: =IFERROR(DD139+H139-G139,"") -> 0 | DG139: =订货1!$Q139 -> 箱 | DH139: =DF139/($DH$2/10000) -> #DIV/0!
A140: =订货1!A140 -> 101733 | B140: =VLOOKUP($A140,订货1!$A140:$G383,7,0) -> 福建圣农食品有限公司 | C140: =VLOOKUP($A140,订货1!$A140:$H383,8,0) -> 福建圣农食品（浦城）有限公司 | D140: =VLOOKUP($A140,订货1!$A140:$B383,2,0) -> 香酥鸡柳 | E140: =VLOOKUP($A140,订货1!$A140:$E383,5,0) -> 1kg*10pc | F140: =VLOOKUP($A140,订货1!$A140:$F383,6,0) -> 箱 | H140: =O140+R140+X140+AA140+AD140+AG140+AJ140+AM140+AP140+AS140+AV140+AY140+BB140+BE140+BH140+BK140+BN140+BQ140+BT140+BW140+BZ140+CC140+CF140+CI140+CL140+CO140+CR140+U140+I140+L140 -> 0 | O140: =订货1!AB140 -> 0 | R140: =订货1!AC140 -> 0 | U140: =订货1!AD140 -> 0 | X140: =订货1!AE140 -> 0 | AA140: =订货1!AF140 -> 0 | AD140: =订货1!AG140 -> 0 | AG140: =订货1!AH140 -> 0 | AJ140: =订货1!AI140 -> 0 | AM140: =订货1!AJ140 -> 0 | AP140: =订货1!AK140 -> 0 | AS140: =订货1!AL140 -> 0 | AV140: =订货1!AM140 -> 0 | AY140: =订货1!AN140 -> 0 | BB140: =订货1!AO140 -> 0 | BE140: =订货1!AP140 -> 0 | BH140: =订货1!AQ140 -> 0 | BK140: =订货1!AR140 -> 0 | BN140: =订货1!AS140 -> 0 | BQ140: =订货1!AT140 -> 0 | BT140: =订货1!AU140 -> 0 | BW140: =订货1!AV140 -> 0 | BZ140: =订货1!AW140 -> 0 | CC140: =订货1!AX140 -> 0 | CF140: =订货1!AY140 -> 0 | CI140: =订货1!AZ140 -> 0 | CL140: =订货1!BA140 -> 0 | CO140: =订货1!BB140 -> 0 | CR140: =订货1!BC140 -> 0 | CU140: =订货1!BD140 -> 0 | CX140: =订货1!BE140 -> 0 | DA140: =订货1!BF140 -> 0 | DD140: 0 | DE140: =INT(G140/DI140) -> #DIV/0! | DF140: =IFERROR(DD140+H140-G140,"") -> 0 | DG140: =订货1!$Q140 -> 箱 | DH140: =DF140/($DH$2/10000) -> #DIV/0!
A141: =订货1!A141 -> 101735 | B141: =VLOOKUP($A141,订货1!$A141:$G384,7,0) -> 福建圣农食品有限公司 | C141: =VLOOKUP($A141,订货1!$A141:$H384,8,0) -> 福建圣农食品（浦城）有限公司 | D141: =VLOOKUP($A141,订货1!$A141:$B384,2,0) -> 香酥翅中 | E141: =VLOOKUP($A141,订货1!$A141:$E384,5,0) -> 1kg*12pc | F141: =VLOOKUP($A141,订货1!$A141:$F384,6,0) -> 箱 | H141: =O141+R141+X141+AA141+AD141+AG141+AJ141+AM141+AP141+AS141+AV141+AY141+BB141+BE141+BH141+BK141+BN141+BQ141+BT141+BW141+BZ141+CC141+CF141+CI141+CL141+CO141+CR141+U141+I141+L141 -> 0 | O141: =订货1!AB141 -> 0 | R141: =订货1!AC141 -> 0 | U141: =订货1!AD141 -> 0 | X141: =订货1!AE141 -> 0 | AA141: =订货1!AF141 -> 0 | AD141: =订货1!AG141 -> 0 | AG141: =订货1!AH141 -> 0 | AJ141: =订货1!AI141 -> 0 | AM141: =订货1!AJ141 -> 0 | AP141: =订货1!AK141 -> 0 | AS141: =订货1!AL141 -> 0 | AV141: =订货1!AM141 -> 0 | AY141: =订货1!AN141 -> 0 | BB141: =订货1!AO141 -> 0 | BE141: =订货1!AP141 -> 0 | BH141: =订货1!AQ141 -> 0 | BK141: =订货1!AR141 -> 0 | BN141: =订货1!AS141 -> 0 | BQ141: =订货1!AT141 -> 0 | BT141: =订货1!AU141 -> 0 | BW141: =订货1!AV141 -> 0 | BZ141: =订货1!AW141 -> 0 | CC141: =订货1!AX141 -> 0 | CF141: =订货1!AY141 -> 0 | CI141: =订货1!AZ141 -> 0 | CL141: =订货1!BA141 -> 0 | CO141: =订货1!BB141 -> 0 | CR141: =订货1!BC141 -> 0 | CU141: =订货1!BD141 -> 0 | CX141: =订货1!BE141 -> 0 | DA141: =订货1!BF141 -> 0 | DD141: 0 | DE141: =INT(G141/DI141) -> #DIV/0! | DF141: =IFERROR(DD141+H141-G141,"") -> 0 | DG141: =订货1!$Q141 -> 箱 | DH141: =DF141/($DH$2/10000) -> #DIV/0!
A142: =订货1!A142 -> 101706 | B142: =VLOOKUP($A142,订货1!$A142:$G385,7,0) -> 马鞍山百瑞食品有限公司 | C142: =VLOOKUP($A142,订货1!$A142:$H385,8,0) -> 马鞍山百瑞食品有限公司 | D142: =VLOOKUP($A142,订货1!$A142:$B385,2,0) -> 意式风干火腿 | E142: =VLOOKUP($A142,订货1!$A142:$E385,5,0) -> 0.04kg | F142: =VLOOKUP($A142,订货1!$A142:$F385,6,0) -> 包 | H142: =O142+R142+X142+AA142+AD142+AG142+AJ142+AM142+AP142+AS142+AV142+AY142+BB142+BE142+BH142+BK142+BN142+BQ142+BT142+BW142+BZ142+CC142+CF142+CI142+CL142+CO142+CR142+U142+I142+L142 -> 0 | O142: =订货1!AB142 -> 0 | R142: =订货1!AC142 -> 0 | U142: =订货1!AD142 -> 0 | X142: =订货1!AE142 -> 0 | AA142: =订货1!AF142 -> 0 | AD142: =订货1!AG142 -> 0 | AG142: =订货1!AH142 -> 0 | AJ142: =订货1!AI142 -> 0 | AM142: =订货1!AJ142 -> 0 | AP142: =订货1!AK142 -> 0 | AS142: =订货1!AL142 -> 0 | AV142: =订货1!AM142 -> 0 | AY142: =订货1!AN142 -> 0 | BB142: =订货1!AO142 -> 0 | BE142: =订货1!AP142 -> 0 | BH142: =订货1!AQ142 -> 0 | BK142: =订货1!AR142 -> 0 | BN142: =订货1!AS142 -> 0 | BQ142: =订货1!AT142 -> 0 | BT142: =订货1!AU142 -> 0 | BW142: =订货1!AV142 -> 0 | BZ142: =订货1!AW142 -> 0 | CC142: =订货1!AX142 -> 0 | CF142: =订货1!AY142 -> 0 | CI142: =订货1!AZ142 -> 0 | CL142: =订货1!BA142 -> 0 | CO142: =订货1!BB142 -> 0 | CR142: =订货1!BC142 -> 0 | CU142: =订货1!BD142 -> 0 | CX142: =订货1!BE142 -> 0 | DA142: =订货1!BF142 -> 0 | DD142: 0 | DE142: =INT(G142/DI142) -> #DIV/0! | DF142: =IFERROR(DD142+H142-G142,"") -> 0 | DG142: =订货1!$Q142 -> 包 | DH142: =DF142/($DH$2/10000) -> #DIV/0!
A143: =订货1!A143 -> 101608 | B143: =VLOOKUP($A143,订货1!$A143:$G386,7,0) -> 青岛国辉食品有限公司 | C143: =VLOOKUP($A143,订货1!$A143:$H386,8,0) -> 青岛国辉食品有限公司 | D143: =VLOOKUP($A143,订货1!$A143:$B386,2,0) -> 西冷牛排切片SA（新） | E143: =VLOOKUP($A143,订货1!$A143:$E386,5,0) -> 0.15kg*100pc | F143: =VLOOKUP($A143,订货1!$A143:$F386,6,0) -> 箱 | H143: =O143+R143+X143+AA143+AD143+AG143+AJ143+AM143+AP143+AS143+AV143+AY143+BB143+BE143+BH143+BK143+BN143+BQ143+BT143+BW143+BZ143+CC143+CF143+CI143+CL143+CO143+CR143+U143+I143+L143 -> 4 | O143: =订货1!AB143 -> 0 | R143: =订货1!AC143 -> 0 | U143: =订货1!AD143 -> 0 | X143: =订货1!AE143 -> 1 | AA143: =订货1!AF143 -> 0 | AD143: =订货1!AG143 -> 0 | AG143: =订货1!AH143 -> 0 | AJ143: =订货1!AI143 -> 1 | AM143: =订货1!AJ143 -> 0 | AP143: =订货1!AK143 -> 0 | AS143: =订货1!AL143 -> 0 | AV143: =订货1!AM143 -> 1 | AY143: =订货1!AN143 -> 1 | BB143: =订货1!AO143 -> 0 | BE143: =订货1!AP143 -> 0 | BH143: =订货1!AQ143 -> 0 | BK143: =订货1!AR143 -> 0 | BN143: =订货1!AS143 -> 0 | BQ143: =订货1!AT143 -> 0 | BT143: =订货1!AU143 -> 0 | BW143: =订货1!AV143 -> 0 | BZ143: =订货1!AW143 -> 0 | CC143: =订货1!AX143 -> 0 | CF143: =订货1!AY143 -> 0 | CI143: =订货1!AZ143 -> 0 | CL143: =订货1!BA143 -> 0 | CO143: =订货1!BB143 -> 0 | CR143: =订货1!BC143 -> 0 | CU143: =订货1!BD143 -> 0 | CX143: =订货1!BE143 -> 0 | DA143: =订货1!BF143 -> 0 | DD143: 0 | DE143: =INT(G143/DI143) -> #DIV/0! | DF143: =IFERROR(DD143+H143-G143,"") -> 4 | DG143: =订货1!$Q143 -> 箱 | DH143: =DF143/($DH$2/10000) -> #DIV/0!
A144: =订货1!A144 -> 101638 | B144: =VLOOKUP($A144,订货1!$A144:$G387,7,0) -> 福建圣农食品有限公司 | C144: =VLOOKUP($A144,订货1!$A144:$H387,8,0) -> 福建圣农食品（浦城）有限公司 | D144: =VLOOKUP($A144,订货1!$A144:$B387,2,0) -> 新香烤翅中 | E144: =VLOOKUP($A144,订货1!$A144:$E387,5,0) -> 1kg*12pc | F144: =VLOOKUP($A144,订货1!$A144:$F387,6,0) -> 箱 | H144: =O144+R144+X144+AA144+AD144+AG144+AJ144+AM144+AP144+AS144+AV144+AY144+BB144+BE144+BH144+BK144+BN144+BQ144+BT144+BW144+BZ144+CC144+CF144+CI144+CL144+CO144+CR144+U144+I144+L144 -> 7 | O144: =订货1!AB144 -> 0 | R144: =订货1!AC144 -> 1 | U144: =订货1!AD144 -> 0 | X144: =订货1!AE144 -> 1 | AA144: =订货1!AF144 -> 0 | AD144: =订货1!AG144 -> 1 | AG144: =订货1!AH144 -> 0 | AJ144: =订货1!AI144 -> 1 | AM144: =订货1!AJ144 -> 0 | AP144: =订货1!AK144 -> 0 | AS144: =订货1!AL144 -> 0 | AV144: =订货1!AM144 -> 1 | AY144: =订货1!AN144 -> 1 | BB144: =订货1!AO144 -> 1 | BE144: =订货1!AP144 -> 0 | BH144: =订货1!AQ144 -> 0 | BK144: =订货1!AR144 -> 0 | BN144: =订货1!AS144 -> 0 | BQ144: =订货1!AT144 -> 0 | BT144: =订货1!AU144 -> 0 | BW144: =订货1!AV144 -> 0 | BZ144: =订货1!AW144 -> 0 | CC144: =订货1!AX144 -> 0 | CF144: =订货1!AY144 -> 0 | CI144: =订货1!AZ144 -> 0 | CL144: =订货1!BA144 -> 0 | CO144: =订货1!BB144 -> 0 | CR144: =订货1!BC144 -> 0 | CU144: =订货1!BD144 -> 0 | CX144: =订货1!BE144 -> 0 | DA144: =订货1!BF144 -> 0 | DD144: 0 | DE144: =INT(G144/DI144) -> #DIV/0! | DF144: =IFERROR(DD144+H144-G144,"") -> 7 | DG144: =订货1!$Q144 -> 箱 | DH144: =DF144/($DH$2/10000) -> #DIV/0!
A145: =订货1!A145 -> 101610 | B145: =VLOOKUP($A145,订货1!$A145:$G388,7,0) -> 浙江大菱海洋食品有限公司 | C145: =VLOOKUP($A145,订货1!$A145:$H388,8,0) -> 大洋世家（舟山）优品有限公司 | D145: =VLOOKUP($A145,订货1!$A145:$B388,2,0) -> 熟虾尾（新） | E145: =VLOOKUP($A145,订货1!$A145:$E388,5,0) -> 1kg*10pkt | F145: =VLOOKUP($A145,订货1!$A145:$F388,6,0) -> 箱 | H145: =O145+R145+X145+AA145+AD145+AG145+AJ145+AM145+AP145+AS145+AV145+AY145+BB145+BE145+BH145+BK145+BN145+BQ145+BT145+BW145+BZ145+CC145+CF145+CI145+CL145+CO145+CR145+U145+I145+L145 -> 0 | O145: =订货1!AB145 -> 0 | R145: =订货1!AC145 -> 0 | U145: =订货1!AD145 -> 0 | X145: =订货1!AE145 -> 0 | AA145: =订货1!AF145 -> 0 | AD145: =订货1!AG145 -> 0 | AG145: =订货1!AH145 -> 0 | AJ145: =订货1!AI145 -> 0 | AM145: =订货1!AJ145 -> 0 | AP145: =订货1!AK145 -> 0 | AS145: =订货1!AL145 -> 0 | AV145: =订货1!AM145 -> 0 | AY145: =订货1!AN145 -> 0 | BB145: =订货1!AO145 -> 0 | BE145: =订货1!AP145 -> 0 | BH145: =订货1!AQ145 -> 0 | BK145: =订货1!AR145 -> 0 | BN145: =订货1!AS145 -> 0 | BQ145: =订货1!AT145 -> 0 | BT145: =订货1!AU145 -> 0 | BW145: =订货1!AV145 -> 0 | BZ145: =订货1!AW145 -> 0 | CC145: =订货1!AX145 -> 0 | CF145: =订货1!AY145 -> 0 | CI145: =订货1!AZ145 -> 0 | CL145: =订货1!BA145 -> 0 | CO145: =订货1!BB145 -> 0 | CR145: =订货1!BC145 -> 0 | CU145: =订货1!BD145 -> 0 | CX145: =订货1!BE145 -> 0 | DA145: =订货1!BF145 -> 0 | DD145: 0 | DE145: =INT(G145/DI145) -> #DIV/0! | DF145: =IFERROR(DD145+H145-G145,"") -> 0 | DG145: =订货1!$Q145 -> 箱 | DH145: =DF145/($DH$2/10000) -> #DIV/0!
... A240: =订货1!A240 -> 992024 | B240: =VLOOKUP($A240,订货1!$A240:$G483,7,0) -> 上海加颂纸业有限公司 | C240: =VLOOKUP($A240,订货1!$A240:$H483,8,0) -> 上海加颂纸业有限公司 | D240: =VLOOKUP($A240,订货1!$A240:$B483,2,0) -> “幸福阳光”纸手帕 | E240: =VLOOKUP($A240,订货1!$A240:$E483,5,0) -> 560个/箱 | F240: =VLOOKUP($A240,订货1!$A240:$F483,6,0) -> 箱 | H240: =O240+R240+X240+AA240+AD240+AG240+AJ240+AM240+AP240+AS240+AV240+AY240+BB240+BE240+BH240+BK240+BN240+BQ240+BT240+BW240+BZ240+CC240+CF240+CI240+CL240+CO240+CR240+U240+I240+L240 -> 1 | O240: =订货1!AB240 -> 0 | R240: =订货1!AC240 -> 0 | U240: =订货1!AD240 -> 0 | X240: =订货1!AE240 -> 0 | AA240: =订货1!AF240 -> 0 | AD240: =订货1!AG240 -> 0 | AG240: =订货1!AH240 -> 0 | AJ240: =订货1!AI240 -> 0 | AM240: =订货1!AJ240 -> 0 | AP240: =订货1!AK240 -> 0 | AS240: =订货1!AL240 -> 1 | AV240: =订货1!AM240 -> 0 | AY240: =订货1!AN240 -> 0 | BB240: =订货1!AO240 -> 0 | BE240: =订货1!AP240 -> 0 | BH240: =订货1!AQ240 -> 0 | BK240: =订货1!AR240 -> 0 | BN240: =订货1!AS240 -> 0 | BQ240: =订货1!AT240 -> 0 | BT240: =订货1!AU240 -> 0 | BW240: =订货1!AV240 -> 0 | BZ240: =订货1!AW240 -> 0 | CC240: =订货1!AX240 -> 0 | CF240: =订货1!AY240 -> 0 | CI240: =订货1!AZ240 -> 0 | CL240: =订货1!BA240 -> 0 | CO240: =订货1!BB240 -> 0 | CR240: =订货1!BC240 -> 0 | CU240: =订货1!BD240 -> 0 | CX240: =订货1!BE240 -> 0 | DA240: =订货1!BF240 -> 0 | DD240: 0 | DE240: =INT(G240/DI240) -> #DIV/0! | DF240: =IFERROR(DD240+H240-G240,"") -> 1 | DG240: =订货1!$Q240 -> 箱 | DH240: =DF240/($DH$2/10000) -> #DIV/0!
B241: =VLOOKUP($A241,订货1!$A243:$G484,7,0) -> #N/A | C241: =VLOOKUP($A241,订货1!$A243:$H484,8,0) -> #N/A | H241: =O241+R241+X241+AA241+AD241+AG241+AJ241+AM241+AP241+AS241+AV241+AY241+BB241+BE241+BH241+BK241+BN241+BQ241+BT241+BW241+BZ241+CC241+CF241+CI241+CL241+CO241+CR241+U241+I241+L241 -> 0 | O241: =订货1!AB243 -> 0 | R241: =订货1!AC243 -> 0 | U241: =订货1!AD243 -> 0 | X241: =订货1!AE243 -> 0 | AA241: =订货1!AF243 -> 0 | AD241: =订货1!AG243 -> 0 | AG241: =订货1!AH243 -> 0 | AJ241: =订货1!AI243 -> 0 | AM241: =订货1!AJ243 -> 0 | AP241: =订货1!AK243 -> 0 | AS241: =订货1!AL243 -> 0 | AV241: =订货1!AM243 -> 0 | AY241: =订货1!AN243 -> 0 | BB241: =订货1!AO243 -> 0 | BE241: =订货1!AP243 -> 0 | BH241: =订货1!AQ243 -> 0 | BK241: =订货1!AR243 -> 0 | BN241: =订货1!AS243 -> 0 | BQ241: =订货1!AT243 -> 0 | BT241: =订货1!AU241 -> 0 | BW241: =订货1!AV241 -> 0 | BZ241: =订货1!AW241 -> 0 | CC241: =订货1!AX241 -> 0 | CF241: =订货1!AY241 -> 0 | CI241: =订货1!AZ241 -> 0 | CL241: =订货1!BA241 -> 0 | CO241: =订货1!BB241 -> 0 | CR241: =订货1!BC241 -> 0 | CU241: =订货1!BD241 -> 0 | CX241: =订货1!BE241 -> 0 | DA241: =订货1!BF243 -> 0 | DD241: 0 | DE241: =INT(G241/DI241) -> #DIV/0! | DF241: =IFERROR(DD241+H241-G241,"") -> 0 | DG241: =订货1!$Q243 -> 0 | DH241: =DF241/($DH$2/10000) -> #DIV/0!
B242: =VLOOKUP($A242,订货1!$A244:$G485,7,0) -> #N/A | C242: =VLOOKUP($A242,订货1!$A244:$H485,8,0) -> #N/A | H242: =O242+R242+X242+AA242+AD242+AG242+AJ242+AM242+AP242+AS242+AV242+AY242+BB242+BE242+BH242+BK242+BN242+BQ242+BT242+BW242+BZ242+CC242+CF242+CI242+CL242+CO242+CR242+U242+I242+L242 -> 0 | O242: =订货1!AB244 -> 0 | R242: =订货1!AC244 -> 0 | U242: =订货1!AD244 -> 0 | X242: =订货1!AE244 -> 0 | AA242: =订货1!AF244 -> 0 | AD242: =订货1!AG244 -> 0 | AG242: =订货1!AH244 -> 0 | AJ242: =订货1!AI244 -> 0 | AM242: =订货1!AJ244 -> 0 | AP242: =订货1!AK244 -> 0 | AS242: =订货1!AL244 -> 0 | AV242: =订货1!AM244 -> 0 | AY242: =订货1!AN244 -> 0 | BB242: =订货1!AO244 -> 0 | BE242: =订货1!AP244 -> 0 | BH242: =订货1!AQ244 -> 0 | BK242: =订货1!AR244 -> 0 | BN242: =订货1!AS244 -> 0 | BQ242: =订货1!AT244 -> 0 | BT242: =订货1!AU242 -> 0 | BW242: =订货1!AV242 -> 0 | BZ242: =订货1!AW242 -> 0 | CC242: =订货1!AX242 -> 0 | CF242: =订货1!AY242 -> 0 | CI242: =订货1!AZ242 -> 0 | CL242: =订货1!BA242 -> 0 | CO242: =订货1!BB242 -> 0 | CR242: =订货1!BC242 -> 0 | CU242: =订货1!BD242 -> 0 | CX242: =订货1!BE242 -> 0 | DA242: =订货1!BF244 -> 0 | DD242: 0 | DE242: =INT(G242/DI242) -> #DIV/0! | DF242: =IFERROR(DD242+H242-G242,"") -> 0 | DG242: =订货1!$Q244 -> 0 | DH242: =DF242/($DH$2/10000) -> #DIV/0!
B243: =VLOOKUP($A243,订货1!$A245:$G486,7,0) -> #N/A | C243: =VLOOKUP($A243,订货1!$A245:$H486,8,0) -> #N/A | H243: =O243+R243+X243+AA243+AD243+AG243+AJ243+AM243+AP243+AS243+AV243+AY243+BB243+BE243+BH243+BK243+BN243+BQ243+BT243+BW243+BZ243+CC243+CF243+CI243+CL243+CO243+CR243+U243+I243+L243 -> 0 | O243: =订货1!AB245 -> 0 | R243: =订货1!AC245 -> 0 | U243: =订货1!AD245 -> 0 | X243: =订货1!AE245 -> 0 | AA243: =订货1!AF245 -> 0 | AD243: =订货1!AG245 -> 0 | AG243: =订货1!AH245 -> 0 | AJ243: =订货1!AI245 -> 0 | AM243: =订货1!AJ245 -> 0 | AP243: =订货1!AK245 -> 0 | AS243: =订货1!AL245 -> 0 | AV243: =订货1!AM245 -> 0 | AY243: =订货1!AN245 -> 0 | BB243: =订货1!AO245 -> 0 | BE243: =订货1!AP245 -> 0 | BH243: =订货1!AQ245 -> 0 | BK243: =订货1!AR245 -> 0 | BN243: =订货1!AS245 -> 0 | BQ243: =订货1!AT245 -> 0 | BT243: =订货1!AU243 -> 0 | BW243: =订货1!AV243 -> 0 | BZ243: =订货1!AW243 -> 0 | CC243: =订货1!AX243 -> 0 | CF243: =订货1!AY243 -> 0 | CI243: =订货1!AZ243 -> 0 | CL243: =订货1!BA243 -> 0 | CO243: =订货1!BB243 -> 0 | CR243: =订货1!BC243 -> 0 | CU243: =订货1!BD243 -> 0 | CX243: =订货1!BE243 -> 0 | DA243: =订货1!BF245 -> 0 | DD243: 0 | DE243: =INT(G243/DI243) -> #DIV/0! | DF243: =IFERROR(DD243+H243-G243,"") -> 0 | DG243: =订货1!$Q245 -> 0 | DH243: =DF243/($DH$2/10000) -> #DIV/0!
B244: =VLOOKUP($A244,订货1!$A246:$G487,7,0) -> #N/A | C244: =VLOOKUP($A244,订货1!$A246:$H487,8,0) -> #N/A | H244: =O244+R244+X244+AA244+AD244+AG244+AJ244+AM244+AP244+AS244+AV244+AY244+BB244+BE244+BH244+BK244+BN244+BQ244+BT244+BW244+BZ244+CC244+CF244+CI244+CL244+CO244+CR244+U244+I244+L244 -> 0 | O244: =订货1!AB246 -> 0 | R244: =订货1!AC246 -> 0 | U244: =订货1!AD246 -> 0 | X244: =订货1!AE246 -> 0 | AA244: =订货1!AF246 -> 0 | AD244: =订货1!AG246 -> 0 | AG244: =订货1!AH246 -> 0 | AJ244: =订货1!AI246 -> 0 | AM244: =订货1!AJ246 -> 0 | AP244: =订货1!AK246 -> 0 | AS244: =订货1!AL246 -> 0 | AV244: =订货1!AM246 -> 0 | AY244: =订货1!AN246 -> 0 | BB244: =订货1!AO246 -> 0 | BE244: =订货1!AP246 -> 0 | BH244: =订货1!AQ246 -> 0 | BK244: =订货1!AR246 -> 0 | BN244: =订货1!AS246 -> 0 | BQ244: =订货1!AT246 -> 0 | BT244: =订货1!AU244 -> 0 | BW244: =订货1!AV244 -> 0 | BZ244: =订货1!AW244 -> 0 | CC244: =订货1!AX244 -> 0 | CF244: =订货1!AY244 -> 0 | CI244: =订货1!AZ244 -> 0 | CL244: =订货1!BA244 -> 0 | CO244: =订货1!BB244 -> 0 | CR244: =订货1!BC244 -> 0 | CU244: =订货1!BD244 -> 0 | CX244: =订货1!BE244 -> 0 | DA244: =订货1!BF246 -> 0 | DD244: 0 | DE244: =INT(G244/DI244) -> #DIV/0! | DF244: =IFERROR(DD244+H244-G244,"") -> 0 | DG244: =订货1!$Q246 -> 0 | DH244: =DF244/($DH$2/10000) -> #DIV/0!
B245: =VLOOKUP($A245,订货1!$A247:$G488,7,0) -> #N/A | C245: =VLOOKUP($A245,订货1!$A247:$H488,8,0) -> #N/A | H245: =O245+R245+X245+AA245+AD245+AG245+AJ245+AM245+AP245+AS245+AV245+AY245+BB245+BE245+BH245+BK245+BN245+BQ245+BT245+BW245+BZ245+CC245+CF245+CI245+CL245+CO245+CR245+U245+I245+L245 -> 0 | O245: =订货1!AB247 -> 0 | R245: =订货1!AC247 -> 0 | U245: =订货1!AD247 -> 0 | X245: =订货1!AE247 -> 0 | AA245: =订货1!AF247 -> 0 | AD245: =订货1!AG247 -> 0 | AG245: =订货1!AH247 -> 0 | AJ245: =订货1!AI247 -> 0 | AM245: =订货1!AJ247 -> 0 | AP245: =订货1!AK247 -> 0 | AS245: =订货1!AL247 -> 0 | AV245: =订货1!AM247 -> 0 | AY245: =订货1!AN247 -> 0 | BB245: =订货1!AO247 -> 0 | BE245: =订货1!AP247 -> 0 | BH245: =订货1!AQ247 -> 0 | BK245: =订货1!AR247 -> 0 | BN245: =订货1!AS247 -> 0 | BQ245: =订货1!AT247 -> 0 | BT245: =订货1!AU245 -> 0 | BW245: =订货1!AV245 -> 0 | BZ245: =订货1!AW245 -> 0 | CC245: =订货1!AX245 -> 0 | CF245: =订货1!AY245 -> 0 | CI245: =订货1!AZ245 -> 0 | CL245: =订货1!BA245 -> 0 | CO245: =订货1!BB245 -> 0 | CR245: =订货1!BC245 -> 0 | CU245: =订货1!BD245 -> 0 | CX245: =订货1!BE245 -> 0 | DA245: =订货1!BF247 -> 0 | DD245: 0 | DE245: =INT(G245/DI245) -> #DIV/0! | DF245: =IFERROR(DD245+H245-G245,"") -> 0 | DG245: =订货1!$Q247 -> 0 | DH245: =DF245/($DH$2/10000) -> #DIV/0!
B246: =VLOOKUP($A246,订货1!$A248:$G489,7,0) -> #N/A | C246: =VLOOKUP($A246,订货1!$A248:$H489,8,0) -> #N/A | H246: =O246+R246+X246+AA246+AD246+AG246+AJ246+AM246+AP246+AS246+AV246+AY246+BB246+BE246+BH246+BK246+BN246+BQ246+BT246+BW246+BZ246+CC246+CF246+CI246+CL246+CO246+CR246+U246+I246+L246 -> 0 | O246: =订货1!AB248 -> 0 | R246: =订货1!AC248 -> 0 | U246: =订货1!AD248 -> 0 | X246: =订货1!AE248 -> 0 | AA246: =订货1!AF248 -> 0 | AD246: =订货1!AG248 -> 0 | AG246: =订货1!AH248 -> 0 | AJ246: =订货1!AI248 -> 0 | AM246: =订货1!AJ248 -> 0 | AP246: =订货1!AK248 -> 0 | AS246: =订货1!AL248 -> 0 | AV246: =订货1!AM248 -> 0 | AY246: =订货1!AN248 -> 0 | BB246: =订货1!AO248 -> 0 | BE246: =订货1!AP248 -> 0 | BH246: =订货1!AQ248 -> 0 | BK246: =订货1!AR248 -> 0 | BN246: =订货1!AS248 -> 0 | BQ246: =订货1!AT248 -> 0 | BT246: =订货1!AU246 -> 0 | BW246: =订货1!AV246 -> 0 | BZ246: =订货1!AW246 -> 0 | CC246: =订货1!AX246 -> 0 | CF246: =订货1!AY246 -> 0 | CI246: =订货1!AZ246 -> 0 | CL246: =订货1!BA246 -> 0 | CO246: =订货1!BB246 -> 0 | CR246: =订货1!BC246 -> 0 | CU246: =订货1!BD246 -> 0 | CX246: =订货1!BE246 -> 0 | DA246: =订货1!BF248 -> 0 | DD246: 0 | DE246: =INT(G246/DI246) -> #DIV/0! | DF246: =IFERROR(DD246+H246-G246,"") -> 0 | DG246: =订货1!$Q248 -> 0 | DH246: =DF246/($DH$2/10000) -> #DIV/0!
B247: =VLOOKUP($A247,订货1!$A249:$G490,7,0) -> #N/A | C247: =VLOOKUP($A247,订货1!$A249:$H490,8,0) -> #N/A | H247: =O247+R247+X247+AA247+AD247+AG247+AJ247+AM247+AP247+AS247+AV247+AY247+BB247+BE247+BH247+BK247+BN247+BQ247+BT247+BW247+BZ247+CC247+CF247+CI247+CL247+CO247+CR247+U247+I247+L247 -> 0 | O247: =订货1!AB249 -> 0 | R247: =订货1!AC249 -> 0 | U247: =订货1!AD249 -> 0 | X247: =订货1!AE249 -> 0 | AA247: =订货1!AF249 -> 0 | AD247: =订货1!AG249 -> 0 | AG247: =订货1!AH249 -> 0 | AJ247: =订货1!AI249 -> 0 | AM247: =订货1!AJ249 -> 0 | AP247: =订货1!AK249 -> 0 | AS247: =订货1!AL249 -> 0 | AV247: =订货1!AM249 -> 0 | AY247: =订货1!AN249 -> 0 | BB247: =订货1!AO249 -> 0 | BE247: =订货1!AP249 -> 0 | BH247: =订货1!AQ249 -> 0 | BK247: =订货1!AR249 -> 0 | BN247: =订货1!AS249 -> 0 | BQ247: =订货1!AT249 -> 0 | BT247: =订货1!AU247 -> 0 | BW247: =订货1!AV247 -> 0 | BZ247: =订货1!AW247 -> 0 | CC247: =订货1!AX247 -> 0 | CF247: =订货1!AY247 -> 0 | CI247: =订货1!AZ247 -> 0 | CL247: =订货1!BA247 -> 0 | CO247: =订货1!BB247 -> 0 | CR247: =订货1!BC247 -> 0 | CU247: =订货1!BD247 -> 0 | CX247: =订货1!BE247 -> 0 | DA247: =订货1!BF249 -> 0 | DD247: 0 | DE247: =INT(G247/DI247) -> #DIV/0! | DF247: =IFERROR(DD247+H247-G247,"") -> 0 | DG247: =订货1!$Q249 -> 0 | DH247: =DF247/($DH$2/10000) -> #DIV/0!
B248: =VLOOKUP($A248,订货1!$A250:$G491,7,0) -> #N/A | C248: =VLOOKUP($A248,订货1!$A250:$H491,8,0) -> #N/A | H248: =O248+R248+X248+AA248+AD248+AG248+AJ248+AM248+AP248+AS248+AV248+AY248+BB248+BE248+BH248+BK248+BN248+BQ248+BT248+BW248+BZ248+CC248+CF248+CI248+CL248+CO248+CR248+U248+I248+L248 -> 0 | O248: =订货1!AB250 -> 0 | R248: =订货1!AC250 -> 0 | U248: =订货1!AD250 -> 0 | X248: =订货1!AE250 -> 0 | AA248: =订货1!AF250 -> 0 | AD248: =订货1!AG250 -> 0 | AG248: =订货1!AH250 -> 0 | AJ248: =订货1!AI250 -> 0 | AM248: =订货1!AJ250 -> 0 | AP248: =订货1!AK250 -> 0 | AS248: =订货1!AL250 -> 0 | AV248: =订货1!AM250 -> 0 | AY248: =订货1!AN250 -> 0 | BB248: =订货1!AO250 -> 0 | BE248: =订货1!AP250 -> 0 | BH248: =订货1!AQ250 -> 0 | BK248: =订货1!AR250 -> 0 | BN248: =订货1!AS250 -> 0 | BQ248: =订货1!AT250 -> 0 | BT248: =订货1!AU248 -> 0 | BW248: =订货1!AV248 -> 0 | BZ248: =订货1!AW248 -> 0 | CC248: =订货1!AX248 -> 0 | CF248: =订货1!AY248 -> 0 | CI248: =订货1!AZ248 -> 0 | CL248: =订货1!BA248 -> 0 | CO248: =订货1!BB248 -> 0 | CR248: =订货1!BC248 -> 0 | CU248: =订货1!BD248 -> 0 | CX248: =订货1!BE248 -> 0 | DA248: =订货1!BF250 -> 0 | DD248: 0 | DE248: =INT(G248/DI248) -> #DIV/0! | DF248: =IFERROR(DD248+H248-G248,"") -> 0 | DG248: =订货1!$Q250 -> 0 | DH248: =DF248/($DH$2/10000) -> #DIV/0!
B249: =VLOOKUP($A249,订货1!$A251:$G492,7,0) -> #N/A | C249: =VLOOKUP($A249,订货1!$A251:$H492,8,0) -> #N/A | H249: =O249+R249+X249+AA249+AD249+AG249+AJ249+AM249+AP249+AS249+AV249+AY249+BB249+BE249+BH249+BK249+BN249+BQ249+BT249+BW249+BZ249+CC249+CF249+CI249+CL249+CO249+CR249+U249+I249+L249 -> 0 | O249: =订货1!AB251 -> 0 | R249: =订货1!AC251 -> 0 | U249: =订货1!AD251 -> 0 | X249: =订货1!AE251 -> 0 | AA249: =订货1!AF251 -> 0 | AD249: =订货1!AG251 -> 0 | AG249: =订货1!AH251 -> 0 | AJ249: =订货1!AI251 -> 0 | AM249: =订货1!AJ251 -> 0 | AP249: =订货1!AK251 -> 0 | AS249: =订货1!AL251 -> 0 | AV249: =订货1!AM251 -> 0 | AY249: =订货1!AN251 -> 0 | BB249: =订货1!AO251 -> 0 | BE249: =订货1!AP251 -> 0 | BH249: =订货1!AQ251 -> 0 | BK249: =订货1!AR251 -> 0 | BN249: =订货1!AS251 -> 0 | BQ249: =订货1!AT251 -> 0 | BT249: =订货1!AU249 -> 0 | BW249: =订货1!AV249 -> 0 | BZ249: =订货1!AW249 -> 0 | CC249: =订货1!AX249 -> 0 | CF249: =订货1!AY249 -> 0 | CI249: =订货1!AZ249 -> 0 | CL249: =订货1!BA249 -> 0 | CO249: =订货1!BB249 -> 0 | CR249: =订货1!BC249 -> 0 | CU249: =订货1!BD249 -> 0 | CX249: =订货1!BE249 -> 0 | DA249: =订货1!BF251 -> 0 | DD249: 0 | DE249: =INT(G249/DI249) -> #DIV/0! | DF249: =IFERROR(DD249+H249-G249,"") -> 0 | DG249: =订货1!$Q251 -> 0 | DH249: =DF249/($DH$2/10000) -> #DIV/0!
B250: =VLOOKUP($A250,订货1!$A252:$G493,7,0) -> #N/A | C250: =VLOOKUP($A250,订货1!$A252:$H493,8,0) -> #N/A | H250: =O250+R250+X250+AA250+AD250+AG250+AJ250+AM250+AP250+AS250+AV250+AY250+BB250+BE250+BH250+BK250+BN250+BQ250+BT250+BW250+BZ250+CC250+CF250+CI250+CL250+CO250+CR250+U250+I250+L250 -> 0 | O250: =订货1!AB252 -> 0 | R250: =订货1!AC252 -> 0 | U250: =订货1!AD252 -> 0 | X250: =订货1!AE252 -> 0 | AA250: =订货1!AF252 -> 0 | AD250: =订货1!AG252 -> 0 | AG250: =订货1!AH252 -> 0 | AJ250: =订货1!AI252 -> 0 | AM250: =订货1!AJ252 -> 0 | AP250: =订货1!AK252 -> 0 | AS250: =订货1!AL252 -> 0 | AV250: =订货1!AM252 -> 0 | AY250: =订货1!AN252 -> 0 | BB250: =订货1!AO252 -> 0 | BE250: =订货1!AP252 -> 0 | BH250: =订货1!AQ252 -> 0 | BK250: =订货1!AR252 -> 0 | BN250: =订货1!AS252 -> 0 | BQ250: =订货1!AT252 -> 0 | BT250: =订货1!AU250 -> 0 | BW250: =订货1!AV250 -> 0 | BZ250: =订货1!AW250 -> 0 | CC250: =订货1!AX250 -> 0 | CF250: =订货1!AY250 -> 0 | CI250: =订货1!AZ250 -> 0 | CL250: =订货1!BA250 -> 0 | CO250: =订货1!BB250 -> 0 | CR250: =订货1!BC250 -> 0 | CU250: =订货1!BD250 -> 0 | CX250: =订货1!BE250 -> 0 | DA250: =订货1!BF252 -> 0 | DD250: 0 | DE250: =INT(G250/DI250) -> #DIV/0! | DF250: =IFERROR(DD250+H250-G250,"") -> 0 | DG250: =订货1!$Q252 -> 0 | DH250: =DF250/($DH$2/10000) -> #DIV/0!
B251: =VLOOKUP($A251,订货1!$A253:$G494,7,0) -> #N/A | C251: =VLOOKUP($A251,订货1!$A253:$H494,8,0) -> #N/A | H251: =O251+R251+X251+AA251+AD251+AG251+AJ251+AM251+AP251+AS251+AV251+AY251+BB251+BE251+BH251+BK251+BN251+BQ251+BT251+BW251+BZ251+CC251+CF251+CI251+CL251+CO251+CR251+U251+I251+L251 -> 0 | O251: =订货1!AB253 -> 0 | R251: =订货1!AC253 -> 0 | U251: =订货1!AD253 -> 0 | X251: =订货1!AE253 -> 0 | AA251: =订货1!AF253 -> 0 | AD251: =订货1!AG253 -> 0 | AG251: =订货1!AH253 -> 0 | AJ251: =订货1!AI253 -> 0 | AM251: =订货1!AJ253 -> 0 | AP251: =订货1!AK253 -> 0 | AS251: =订货1!AL253 -> 0 | AV251: =订货1!AM253 -> 0 | AY251: =订货1!AN253 -> 0 | BB251: =订货1!AO253 -> 0 | BE251: =订货1!AP253 -> 0 | BH251: =订货1!AQ253 -> 0 | BK251: =订货1!AR253 -> 0 | BN251: =订货1!AS253 -> 0 | BQ251: =订货1!AT253 -> 0 | BT251: =订货1!AU251 -> 0 | BW251: =订货1!AV251 -> 0 | BZ251: =订货1!AW251 -> 0 | CC251: =订货1!AX251 -> 0 | CF251: =订货1!AY251 -> 0 | CI251: =订货1!AZ251 -> 0 | CL251: =订货1!BA251 -> 0 | CO251: =订货1!BB251 -> 0 | CR251: =订货1!BC251 -> 0 | CU251: =订货1!BD251 -> 0 | CX251: =订货1!BE251 -> 0 | DA251: =订货1!BF253 -> 0 | DD251: 0 | DE251: =INT(G251/DI251) -> #DIV/0! | DF251: =IFERROR(DD251+H251-G251,"") -> 0 | DG251: =订货1!$Q253 -> 0 | DH251: =DF251/($DH$2/10000) -> #DIV/0!
B252: =VLOOKUP($A252,订货1!$A254:$G495,7,0) -> #N/A | C252: =VLOOKUP($A252,订货1!$A254:$H495,8,0) -> #N/A | H252: =O252+R252+X252+AA252+AD252+AG252+AJ252+AM252+AP252+AS252+AV252+AY252+BB252+BE252+BH252+BK252+BN252+BQ252+BT252+BW252+BZ252+CC252+CF252+CI252+CL252+CO252+CR252+U252+I252+L252 -> 0 | O252: =订货1!AB254 -> 0 | R252: =订货1!AC254 -> 0 | U252: =订货1!AD254 -> 0 | X252: =订货1!AE254 -> 0 | AA252: =订货1!AF254 -> 0 | AD252: =订货1!AG254 -> 0 | AG252: =订货1!AH254 -> 0 | AJ252: =订货1!AI254 -> 0 | AM252: =订货1!AJ254 -> 0 | AP252: =订货1!AK254 -> 0 | AS252: =订货1!AL254 -> 0 | AV252: =订货1!AM254 -> 0 | AY252: =订货1!AN254 -> 0 | BB252: =订货1!AO254 -> 0 | BE252: =订货1!AP254 -> 0 | BH252: =订货1!AQ254 -> 0 | BK252: =订货1!AR254 -> 0 | BN252: =订货1!AS254 -> 0 | BQ252: =订货1!AT254 -> 0 | BT252: =订货1!AU252 -> 0 | BW252: =订货1!AV252 -> 0 | BZ252: =订货1!AW252 -> 0 | CC252: =订货1!AX252 -> 0 | CF252: =订货1!AY252 -> 0 | CI252: =订货1!AZ252 -> 0 | CL252: =订货1!BA252 -> 0 | CO252: =订货1!BB252 -> 0 | CR252: =订货1!BC252 -> 0 | CU252: =订货1!BD252 -> 0 | CX252: =订货1!BE252 -> 0 | DA252: =订货1!BF254 -> 0 | DD252: 0 | DE252: =INT(G252/DI252) -> #DIV/0! | DF252: =IFERROR(DD252+H252-G252,"") -> 0 | DG252: =订货1!$Q254 -> 0 | DH252: =DF252/($DH$2/10000) -> #DIV/0!
... B255: =VLOOKUP($A255,订货1!$A257:$G498,7,0) -> #N/A | C255: =VLOOKUP($A255,订货1!$A257:$H498,8,0) -> #N/A | H255: =O255+R255+X255+AA255+AD255+AG255+AJ255+AM255+AP255+AS255+AV255+AY255+BB255+BE255+BH255+BK255+BN255+BQ255+BT255+BW255+BZ255+CC255+CF255+CI255+CL255+CO255+CR255+U255+I255+L255 -> 0 | O255: =订货1!AB257 -> 0 | R255: =订货1!AC257 -> 0 | U255: =订货1!AD257 -> 0 | X255: =订货1!AE257 -> 0 | AA255: =订货1!AF257 -> 0 | AD255: =订货1!AG257 -> 0 | AG255: =订货1!AH257 -> 0 | AJ255: =订货1!AI257 -> 0 | AM255: =订货1!AJ257 -> 0 | AP255: =订货1!AK257 -> 0 | AS255: =订货1!AL257 -> 0 | AV255: =订货1!AM257 -> 0 | AY255: =订货1!AN257 -> 0 | BB255: =订货1!AO257 -> 0 | BE255: =订货1!AP257 -> 0 | BH255: =订货1!AQ257 -> 0 | BK255: =订货1!AR257 -> 0 | BN255: =订货1!AS257 -> 0 | BQ255: =订货1!AT257 -> 0 | BT255: =订货1!AU255 -> 0 | BW255: =订货1!AV255 -> 0 | BZ255: =订货1!AW255 -> 0 | CC255: =订货1!AX255 -> 0 | CF255: =订货1!AY255 -> 0 | CI255: =订货1!AZ255 -> 0 | CL255: =订货1!BA255 -> 0 | CO255: =订货1!BB255 -> 0 | CR255: =订货1!BC255 -> 0 | CU255: =订货1!BD255 -> 0 | CX255: =订货1!BE255 -> 0 | DA255: =订货1!BF257 -> 0 | DD255: 0 | DE255: =INT(G255/DI255) -> #DIV/0! | DF255: =IFERROR(DD255+H255-G255,"") -> 0 | DG255: =订货1!$Q257 -> 0 | DH255: =DF255/($DH$2/10000) -> #DIV/0!
H256: =O256+R256+X256+AA256+AD256+AG256+AJ256+AM256+AP256+AS256+AV256+AY256+BB256+BE256+BH256+BK256+BN256+BQ256+BT256+BW256+BZ256+CC256+CF256+CI256+CL256+CO256+CR256+U256+I256+L256 -> 0 | O256: =订货1!AB258 -> 0 | R256: =订货1!AC258 -> 0 | U256: =订货1!AD258 -> 0 | X256: =订货1!AE258 -> 0 | AA256: =订货1!AF258 -> 0 | AD256: =订货1!AG258 -> 0 | AG256: =订货1!AH258 -> 0 | AJ256: =订货1!AI258 -> 0 | AM256: =订货1!AJ258 -> 0 | AP256: =订货1!AK258 -> 0 | AS256: =订货1!AL258 -> 0 | AV256: =订货1!AM258 -> 0 | AY256: =订货1!AN258 -> 0 | BB256: =订货1!AO258 -> 0 | BE256: =订货1!AP258 -> 0 | BH256: =订货1!AQ258 -> 0 | BK256: =订货1!AR258 -> 0 | BN256: =订货1!AS258 -> 0 | BQ256: =订货1!AT258 -> 0 | BT256: =订货1!AU256 -> 0 | BW256: =订货1!AV256 -> 0 | BZ256: =订货1!AW256 -> 0 | CC256: =订货1!AX256 -> 0 | CF256: =订货1!AY256 -> 0 | CI256: =订货1!AZ256 -> 0 | CL256: =订货1!BA256 -> 0 | CO256: =订货1!BB256 -> 0 | CR256: =订货1!BC256 -> 0 | CU256: =订货1!BD256 -> 0 | CX256: =订货1!BE256 -> 0 | DA256: =订货1!BF258 -> 0 | DD256: 0 | DE256: =INT(G256/DI256) -> #DIV/0! | DF256: =IFERROR(DD256+H256-G256,"") -> 0 | DG256: =订货1!$Q258 -> 0 | DH256: =DF256/($DH$2/10000) -> #DIV/0!
H257: =O257+R257+X257+AA257+AD257+AG257+AJ257+AM257+AP257+AS257+AV257+AY257+BB257+BE257+BH257+BK257+BN257+BQ257+BT257+BW257+BZ257+CC257+CF257+CI257+CL257+CO257+CR257+U257+I257+L257 -> 0 | O257: =订货1!AB259 -> 0 | R257: =订货1!AC259 -> 0 | U257: =订货1!AD259 -> 0 | X257: =订货1!AE259 -> 0 | AA257: =订货1!AF259 -> 0 | AD257: =订货1!AG259 -> 0 | AG257: =订货1!AH259 -> 0 | AJ257: =订货1!AI259 -> 0 | AM257: =订货1!AJ259 -> 0 | AP257: =订货1!AK259 -> 0 | AS257: =订货1!AL259 -> 0 | AV257: =订货1!AM259 -> 0 | AY257: =订货1!AN259 -> 0 | BB257: =订货1!AO259 -> 0 | BE257: =订货1!AP259 -> 0 | BH257: =订货1!AQ259 -> 0 | BK257: =订货1!AR259 -> 0 | BN257: =订货1!AS259 -> 0 | BQ257: =订货1!AT259 -> 0 | BT257: =订货1!AU257 -> 0 | BW257: =订货1!AV257 -> 0 | BZ257: =订货1!AW257 -> 0 | CC257: =订货1!AX257 -> 0 | CF257: =订货1!AY257 -> 0 | CI257: =订货1!AZ257 -> 0 | CL257: =订货1!BA257 -> 0 | CO257: =订货1!BB257 -> 0 | CR257: =订货1!BC257 -> 0 | CU257: =订货1!BD257 -> 0 | CX257: =订货1!BE257 -> 0 | DA257: =订货1!BF259 -> 0 | DD257: 0 | DE257: =INT(G257/DI257) -> #DIV/0! | DF257: =IFERROR(DD257+H257-G257,"") -> 0 | DG257: =订货1!$Q259 -> 0 | DH257: =DF257/($DH$2/10000) -> #DIV/0!
H258: =O258+R258+X258+AA258+AD258+AG258+AJ258+AM258+AP258+AS258+AV258+AY258+BB258+BE258+BH258+BK258+BN258+BQ258+BT258+BW258+BZ258+CC258+CF258+CI258+CL258+CO258+CR258+U258+I258+L258 -> 0 | O258: =订货1!AB260 -> 0 | R258: =订货1!AC260 -> 0 | U258: =订货1!AD260 -> 0 | X258: =订货1!AE260 -> 0 | AA258: =订货1!AF260 -> 0 | AD258: =订货1!AG260 -> 0 | AG258: =订货1!AH260 -> 0 | AJ258: =订货1!AI260 -> 0 | AM258: =订货1!AJ260 -> 0 | AP258: =订货1!AK260 -> 0 | AS258: =订货1!AL260 -> 0 | AV258: =订货1!AM260 -> 0 | AY258: =订货1!AN260 -> 0 | BB258: =订货1!AO260 -> 0 | BE258: =订货1!AP260 -> 0 | BH258: =订货1!AQ260 -> 0 | BK258: =订货1!AR260 -> 0 | BN258: =订货1!AS260 -> 0 | BQ258: =订货1!AT260 -> 0 | BT258: =订货1!AU258 -> 0 | BW258: =订货1!AV258 -> 0 | BZ258: =订货1!AW258 -> 0 | CC258: =订货1!AX258 -> 0 | CF258: =订货1!AY258 -> 0 | CI258: =订货1!AZ258 -> 0 | CL258: =订货1!BA258 -> 0 | CO258: =订货1!BB258 -> 0 | CR258: =订货1!BC258 -> 0 | CU258: =订货1!BD258 -> 0 | CX258: =订货1!BE258 -> 0 | DA258: =订货1!BF260 -> 0 | DD258: 0 | DE258: =INT(G258/DI258) -> #DIV/0! | DF258: =IFERROR(DD258+H258-G258,"") -> 0 | DG258: =订货1!$Q260 -> 0 | DH258: =DF258/($DH$2/10000) -> #DIV/0!
H259: =O259+R259+X259+AA259+AD259+AG259+AJ259+AM259+AP259+AS259+AV259+AY259+BB259+BE259+BH259+BK259+BN259+BQ259+BT259+BW259+BZ259+CC259+CF259+CI259+CL259+CO259+CR259+U259+I259+L259 -> 0 | O259: =订货1!AB261 -> 0 | R259: =订货1!AC261 -> 0 | U259: =订货1!AD261 -> 0 | X259: =订货1!AE261 -> 0 | AA259: =订货1!AF261 -> 0 | AD259: =订货1!AG261 -> 0 | AG259: =订货1!AH261 -> 0 | AJ259: =订货1!AI261 -> 0 | AM259: =订货1!AJ261 -> 0 | AP259: =订货1!AK261 -> 0 | AS259: =订货1!AL261 -> 0 | AV259: =订货1!AM261 -> 0 | AY259: =订货1!AN261 -> 0 | BB259: =订货1!AO261 -> 0 | BE259: =订货1!AP261 -> 0 | BH259: =订货1!AQ261 -> 0 | BK259: =订货1!AR261 -> 0 | BN259: =订货1!AS261 -> 0 | BQ259: =订货1!AT261 -> 0 | BT259: =订货1!AU259 -> 0 | BW259: =订货1!AV259 -> 0 | BZ259: =订货1!AW259 -> 0 | CC259: =订货1!AX259 -> 0 | CF259: =订货1!AY259 -> 0 | CI259: =订货1!AZ259 -> 0 | CL259: =订货1!BA259 -> 0 | CO259: =订货1!BB259 -> 0 | CR259: =订货1!BC259 -> 0 | CU259: =订货1!BD259 -> 0 | CX259: =订货1!BE259 -> 0 | DA259: =订货1!BF261 -> 0 | DD259: 0 | DE259: =INT(G259/DI259) -> #DIV/0! | DF259: =IFERROR(DD259+H259-G259,"") -> 0 | DG259: =订货1!$Q261 -> 0 | DH259: =DF259/($DH$2/10000) -> #DIV/0!
H260: =O260+R260+X260+AA260+AD260+AG260+AJ260+AM260+AP260+AS260+AV260+AY260+BB260+BE260+BH260+BK260+BN260+BQ260+BT260+BW260+BZ260+CC260+CF260+CI260+CL260+CO260+CR260+U260+I260+L260 -> 0 | O260: =订货1!AB262 -> 0 | R260: =订货1!AC262 -> 0 | U260: =订货1!AD262 -> 0 | X260: =订货1!AE262 -> 0 | AA260: =订货1!AF262 -> 0 | AD260: =订货1!AG262 -> 0 | AG260: =订货1!AH262 -> 0 | AJ260: =订货1!AI262 -> 0 | AM260: =订货1!AJ262 -> 0 | AP260: =订货1!AK262 -> 0 | AS260: =订货1!AL262 -> 0 | AV260: =订货1!AM262 -> 0 | AY260: =订货1!AN262 -> 0 | BB260: =订货1!AO262 -> 0 | BE260: =订货1!AP262 -> 0 | BH260: =订货1!AQ262 -> 0 | BK260: =订货1!AR262 -> 0 | BN260: =订货1!AS262 -> 0 | BQ260: =订货1!AT262 -> 0 | BT260: =订货1!AU260 -> 0 | BW260: =订货1!AV260 -> 0 | BZ260: =订货1!AW260 -> 0 | CC260: =订货1!AX260 -> 0 | CF260: =订货1!AY260 -> 0 | CI260: =订货1!AZ260 -> 0 | CL260: =订货1!BA260 -> 0 | CO260: =订货1!BB260 -> 0 | CR260: =订货1!BC260 -> 0 | CU260: =订货1!BD260 -> 0 | CX260: =订货1!BE260 -> 0 | DA260: =订货1!BF262 -> 0 | DD260: 0 | DE260: =INT(G260/DI260) -> #DIV/0! | DF260: =IFERROR(DD260+H260-G260,"") -> 0 | DG260: =订货1!$Q262 -> 0 | DH260: =DF260/($DH$2/10000) -> #DIV/0!
