Workbook
Name 产品名称: OFFSET([1]产品信息!$A$2,,,SUMPRODUCT(N(LEN([1]产品信息!$A:$A)>0)),)
Name 大类: [1]Sheet1!$A$1:$L$1
Name 供货单位名称: [1]供货者!$A$2:$A$99

Sheet Sheet1
E1: ↓此列输入 进货数量 | F1: ↓复制此列数据 （公式勿动，仅复制）
A2: 产品名称 | B2: 产品代码 | C2: 规格 | D2: 进货单位千克数 | E2: 采购数量 | F2: 换算千克数 | G2: 数量单位
A3: 冻鱿鱼圈 | B3: =VLOOKUP(A3,Sheet3!$A:$B,2,0) -> 101015 | C3: =VLOOKUP(A3,Sheet3!$A:$C,3,0) -> 1kg*10pc | D3: 10 | F3: =D3*E3 -> 0 | G3: 千克
A4: 萨莉亚鸡排 | B4: =VLOOKUP(A4,Sheet3!$A:$B,2,0) -> 101022 | C4: =VLOOKUP(A4,Sheet3!$A:$C,3,0) -> 0.15kg*8枚*10pc | D4: 12 | F4: =D4*E4 -> 0 | G4: 千克
A5: 萨莉亚翅中 | B5: =VLOOKUP(A5,Sheet3!$A:$B,2,0) -> 101024 | C5: =VLOOKUP(A5,Sheet3!$A:$C,3,0) -> 1kg*12pc | D5: 12 | F5: =D5*E5 -> 0 | G5: 千克
A6: 大蒜黄油 | B6: =VLOOKUP(A6,Sheet3!$A:$B,2,0) -> 101025 | C6: =VLOOKUP(A6,Sheet3!$A:$C,3,0) -> 3kg*4pc | D6: 12 | F6: =D6*E6 -> 0 | G6: 千克
A7: 海鲜味调味汁 | B7: =VLOOKUP(A7,Sheet3!$A:$B,2,0) -> 101030 | C7: =VLOOKUP(A7,Sheet3!$A:$C,3,0) -> 2kg*5pc | D7: 10 | F7: =D7*E7 -> 0 | G7: 千克
A8: 冻煮杂色蛤 | B8: =VLOOKUP(A8,Sheet3!$A:$B,2,0) -> 101040 | C8: =VLOOKUP(A8,Sheet3!$A:$C,3,0) -> 0.096kg*50pc | D8: 4.8 | E8: 1 | F8: =D8*E8 -> 4.8 | G8: 千克
A9: 蔬菜汤 | B9: =VLOOKUP(A9,Sheet3!$A:$B,2,0) -> 101055 | C9: =VLOOKUP(A9,Sheet3!$A:$C,3,0) -> 1kg*10pc | D9: 10 | F9: =D9*E9 -> 0 | G9: 千克
A10: 妙可蓝多马苏里拉奶酪 | B10: =VLOOKUP(A10,Sheet3!$A:$B,2,0) -> 101063 | C10: =VLOOKUP(A10,Sheet3!$A:$C,3,0) -> 3kg*4pc | D10: 12 | E10: 1 | F10: =D10*E10 -> 12 | G10: 千克
A11: 萨莉亚速冻蜗牛肉 | B11: =VLOOKUP(A11,Sheet3!$A:$B,2,0) -> 101073 | C11: =VLOOKUP(A11,Sheet3!$A:$C,3,0) -> 1kg*12pc | D11: 12 | E11: 1 | F11: =D11*E11 -> 12 | G11: 千克
A12: 法排小切 | B12: =VLOOKUP(A12,Sheet3!$A:$B,2,0) -> 101189 | C12: =VLOOKUP(A12,Sheet3!$A:$C,3,0) -> 0.9kg*14pc | D12: 12.6 | F12: =D12*E12 -> 0 | G12: 千克
A13: 香草鸡排串 | B13: =VLOOKUP(A13,Sheet3!$A:$B,2,0) -> 101269 | C13: =VLOOKUP(A13,Sheet3!$A:$C,3,0) -> 1kg*12 | D13: 12 | F13: =D13*E13 -> 0 | G13: 千克
A14: 伊利冰淇淋（香草口味） | B14: =VLOOKUP(A14,Sheet3!$A:$B,2,0) -> 101329 | C14: =VLOOKUP(A14,Sheet3!$A:$C,3,0) -> 3.5kg | D14: 3.5 | F14: =D14*E14 -> 0 | G14: 千克
A15: 早餐培根1 | B15: =VLOOKUP(A15,Sheet3!$A:$B,2,0) -> 101332 | C15: =VLOOKUP(A15,Sheet3!$A:$C,3,0) -> 1kg*12pc | D15: 12 | F15: =D15*E15 -> 0 | G15: 千克
A16: 超大熔岩蛋糕 | B16: =VLOOKUP(A16,Sheet3!$A:$B,2,0) -> 101490 | C16: =VLOOKUP(A16,Sheet3!$A:$C,3,0) -> 0.09kg*18pc | D16: 1.62 | E16: 1 | F16: =D16*E16 -> 1.62 | G16: 千克
A17: 肉酱 | B17: =VLOOKUP(A17,Sheet3!$A:$B,2,0) -> 101508 | C17: =VLOOKUP(A17,Sheet3!$A:$C,3,0) -> 1kg*10pkt | D17: 10 | F17: 0 | G17: 千克
A18: 9寸实验饼底 | B18: =VLOOKUP(A18,Sheet3!$A:$B,2,0) -> 101543 | C18: =VLOOKUP(A18,Sheet3!$A:$C,3,0) -> 0.16kg*60pc | D18: 9.6 | F18: =D18*E18 -> 0 | G18: 千克
A19: 焦糖布丁蛋糕 | B19: =VLOOKUP(A19,Sheet3!$A:$B,2,0) -> 101554 | C19: =VLOOKUP(A19,Sheet3!$A:$C,3,0) -> 0.1kg*9pc | D19: 0.9 | E19: 4 | F19: =D19*E19 -> 3.6 | G19: 千克
A20: 白沙司 | B20: =VLOOKUP(A20,Sheet3!$A:$B,2,0) -> 101576 | C20: =VLOOKUP(A20,Sheet3!$A:$C,3,0) -> 1kg*12 | D20: 12 | F20: =D20*E20 -> 0 | G20: 千克
A21: 意式肉酱 | B21: =VLOOKUP(A21,Sheet3!$A:$B,2,0) -> 101581 | C21: =VLOOKUP(A21,Sheet3!$A:$C,3,0) -> 1kg*10pkt | D21: 10 | E21: 1 | F21: =D21*E21 -> 10 | G21: 千克
A22: 麻辣肉酱 | B22: =VLOOKUP(A22,Sheet3!$A:$B,2,0) -> 101594 | C22: =VLOOKUP(A22,Sheet3!$A:$C,3,0) -> 1kg*10pc | D22: 10 | F22: =D22*E22 -> 0 | G22: 千克
A23: 罗勒松子酱 | B23: =VLOOKUP(A23,Sheet3!$A:$B,2,0) -> 101595 | C23: =VLOOKUP(A23,Sheet3!$A:$C,3,0) -> 1kg*10pc | D23: 10 | F23: =D23*E23 -> 0 | G23: 千克
A24: 黑胡椒酱 | B24: =VLOOKUP(A24,Sheet3!$A:$B,2,0) -> 101597 | C24: =VLOOKUP(A24,Sheet3!$A:$C,3,0) -> 1kg*10pc | D24: 10 | E24: 1 | F24: =D24*E24 -> 10 | G24: 千克
A25: 冷冻三文鱼块 | B25: =VLOOKUP(A25,Sheet3!$A:$B,2,0) -> 101606 | C25: =VLOOKUP(A25,Sheet3!$A:$C,3,0) -> 0.12kg*50pc | D25: 6 | F25: =D25*E25 -> 0 | G25: 千克
A26: 西冷牛排切片SA | B26: =VLOOKUP(A26,Sheet3!$A:$B,2,0) -> 101608 | C26: =VLOOKUP(A26,Sheet3!$A:$C,3,0) -> 0.15kg*100pc | D26: 15 | E26: 1 | F26: =D26*E26 -> 15 | G26: 千克
A27: 熟虾尾 | B27: =VLOOKUP(A27,Sheet3!$A:$B,2,0) -> 101610 | C27: =VLOOKUP(A27,Sheet3!$A:$C,3,0) -> 1kg*10pkt | D27: 10 | F27: =D27*E27 -> 0 | G27: 千克
A28: 冻鱿鱼 | B28: =VLOOKUP(A28,Sheet3!$A:$B,2,0) -> 101617 | C28: =VLOOKUP(A28,Sheet3!$A:$C,3,0) -> 9.8kg | D28: 9.8 | F28: =D28*E28 -> 0 | G28: 千克
A29: 芝士粉 | B29: =VLOOKUP(A29,Sheet3!$A:$B,2,0) -> 101624 | C29: =VLOOKUP(A29,Sheet3!$A:$C,3,0) -> 1kg*10pkt | D29: 10 | F29: =D29*E29 -> 0 | G29: 千克
A30: 萨莉亚冷冻小法棍600g | B30: =VLOOKUP(A30,Sheet3!$A:$B,2,0) -> 101635 | C30: =VLOOKUP(A30,Sheet3!$A:$C,3,0) -> 0.6kg*6pkt | D30: 3.6 | E30: 1 | F30: =D30*E30 -> 3.6 | G30: 千克
A31: 新香烤翅中 | B31: =VLOOKUP(A31,Sheet3!$A:$B,2,0) -> 101638 | C31: =VLOOKUP(A31,Sheet3!$A:$C,3,0) -> 1kg*12pc | D31: 12 | F31: =D31*E31 -> 0 | G31: 千克
A32: 原味鸡腿排 | B32: =VLOOKUP(A32,Sheet3!$A:$B,2,0) -> 101640 | C32: =VLOOKUP(A32,Sheet3!$A:$C,3,0) -> 0.15kg*8枚*10pc | D32: 12 | F32: =D32*E32 -> 0 | G32: 千克
A33: 萨莉亚鸡排串 | B33: =VLOOKUP(A33,Sheet3!$A:$B,2,0) -> 101641 | C33: =VLOOKUP(A33,Sheet3!$A:$C,3,0) -> 1kg*12 | D33: 12 | F33: =D33*E33 -> 0 | G33: 千克
A34: 萨莉亚专用白沙司 | B34: =VLOOKUP(A34,Sheet3!$A:$B,2,0) -> 101652 | C34: =VLOOKUP(A34,Sheet3!$A:$C,3,0) -> 1kg*12pc | D34: 12 | F34: =D34*E34 -> 0 | G34: 千克
A35: 面包虾 | B35: =VLOOKUP(A35,Sheet3!$A:$B,2,0) -> 101655 | C35: =VLOOKUP(A35,Sheet3!$A:$C,3,0) -> 0.5kg*16pc | D35: 8 | F35: =D35*E35 -> 0 | G35: 千克
A36: 法式羊排 | B36: =VLOOKUP(A36,Sheet3!$A:$B,2,0) -> 101664 | C36: =VLOOKUP(A36,Sheet3!$A:$C,3,0) -> 1.08kg*12pkt | D36: 12.96 | F36: =D36*E36 -> 0 | G36: 千克
A37: 速冻菠菜段 | B37: =VLOOKUP(A37,Sheet3!$A:$B,2,0) -> 101671 | C37: =VLOOKUP(A37,Sheet3!$A:$C,3,0) -> 2kg*6pc | D37: 12 | E37: 1 | F37: =D37*E37 -> 12 | G37: 千克
A38: 速冻甜玉米粒 | B38: =VLOOKUP(A38,Sheet3!$A:$B,2,0) -> 101672 | C38: =VLOOKUP(A38,Sheet3!$A:$C,3,0) -> 3kg*4pc | D38: 12 | F38: =D38*E38 -> 0 | G38: 千克
A39: 焦糖布丁 | B39: =VLOOKUP(A39,Sheet3!$A:$B,2,0) -> 101677 | C39: =VLOOKUP(A39,Sheet3!$A:$C,3,0) -> 0.1kg*6pc | D39: 0.6 | F39: =D39*E39 -> 0 | G39: 千克
A40: 菌菇调理包 | B40: =VLOOKUP(A40,Sheet3!$A:$B,2,0) -> 101678 | C40: =VLOOKUP(A40,Sheet3!$A:$C,3,0) -> 1kg*10pc | D40: 10 | F40: =D40*E40 -> 0 | G40: 千克
A41: 玉米浓汤 | B41: =VLOOKUP(A41,Sheet3!$A:$B,2,0) -> 101680 | C41: =VLOOKUP(A41,Sheet3!$A:$C,3,0) -> 0.16kg*50pc | D41: 8 | E41: 1 | F41: =D41*E41 -> 8 | G41: 千克
A42: 冷冻西兰花 | B42: =VLOOKUP(A42,Sheet3!$A:$B,2,0) -> 101682 | C42: =VLOOKUP(A42,Sheet3!$A:$C,3,0) -> 1kg*6pc | D42: 6 | F42: =D42*E42 -> 0 | G42: 千克
A43: 奶油蘑菇汤 | B43: =VLOOKUP(A43,Sheet3!$A:$B,2,0) -> 101688 | C43: =VLOOKUP(A43,Sheet3!$A:$C,3,0) -> 0.16kg*50pc | D43: 8 | F43: =D43*E43 -> 0 | G43: 千克
A44: 半壳贻贝 | B44: =VLOOKUP(A44,Sheet3!$A:$B,2,0) -> 101697 | C44: =VLOOKUP(A44,Sheet3!$A:$C,3,0) -> 0.5kg*20pkt | D44: 10 | F44: =D44*E44 -> 0 | G44: 千克
A45: 蒜香黄油酱 | B45: =VLOOKUP(A45,Sheet3!$A:$B,2,0) -> 101698 | C45: =VLOOKUP(A45,Sheet3!$A:$C,3,0) -> 1kg*10pkt | D45: 10 | F45: =D45*E45 -> 0 | G45: 千克
A46: 茄汁千层面 | B46: =VLOOKUP(A46,Sheet3!$A:$B,2,0) -> 101702 | C46: =VLOOKUP(A46,Sheet3!$A:$C,3,0) -> 0.1kg*64pc | D46: 6.4 | F46: =D46*E46 -> 0 | G46: 千克
A47: 油炸饭团 | B47: =VLOOKUP(A47,Sheet3!$A:$B,2,0) -> 101703 | C47: =VLOOKUP(A47,Sheet3!$A:$C,3,0) -> 0.4kg*20pc | D47: 8 | F47: =D47*E47 -> 0 | G47: 千克
A48: 芝士肠 | B48: =VLOOKUP(A48,Sheet3!$A:$B,2,0) -> 101705 | C48: =VLOOKUP(A48,Sheet3!$A:$C,3,0) -> 1.04kg*10pc | D48: 10.4 | F48: =D48*E48 -> 0 | G48: 千克
A49: 超薄脆比萨饼底 | B49: =VLOOKUP(A49,Sheet3!$A:$B,2,0) -> 101708 | C49: =VLOOKUP(A49,Sheet3!$A:$C,3,0) -> 0.0723kg*15*4pc | D49: 4.338 | F49: =D49*E49 -> 0 | G49: 千克
A50: 蒜蓉辣椒酱 | B50: =VLOOKUP(A50,Sheet3!$A:$B,2,0) -> 101709 | C50: =VLOOKUP(A50,Sheet3!$A:$C,3,0) -> 1kg*10pc | D50: 10 | F50: =D50*E50 -> 0 | G50: 千克
A51: 双层手指饼提拉米苏蛋糕 | B51: =VLOOKUP(A51,Sheet3!$A:$B,2,0) -> 101710 | C51: =VLOOKUP(A51,Sheet3!$A:$C,3,0) -> 43g*9个/盒 | D51: 0.387 | E51: 2 | F51: =D51*E51 -> 0.774 | G51: 千克
A52: 冷冻芦笋 | B52: =VLOOKUP(A52,Sheet3!$A:$B,2,0) -> 101711 | C52: =VLOOKUP(A52,Sheet3!$A:$C,3,0) -> 1kg*6pc | D52: 6 | F52: =D52*E52 -> 0 | G52: 千克
A53: 萨莉亚香酥鸡柳 | B53: =VLOOKUP(A53,Sheet3!$A:$B,2,0) -> 101712 | C53: =VLOOKUP(A53,Sheet3!$A:$C,3,0) -> 1kg*12pc | D53: 12 | F53: =D53*E53 -> 0 | G53: 千克
A54: 墨鱼复合调味汁 | B54: =VLOOKUP(A54,Sheet3!$A:$B,2,0) -> 101716 | C54: =VLOOKUP(A54,Sheet3!$A:$C,3,0) -> 200g*45袋 | D54: 9 | F54: =D54*E54 -> 0 | G54: 千克
A55: 薄荷巧克力味冰淇淋 | B55: =VLOOKUP(A55,Sheet3!$A:$B,2,0) -> 101717 | C55: =VLOOKUP(A55,Sheet3!$A:$C,3,0) -> 85g*9 | D55: 0.765 | E55: 1 | F55: =D55*E55 -> 0.765 | G55: 千克
A56: 冷冻薯块 | B56: =VLOOKUP(A56,Sheet3!$A:$B,2,0) -> 101718 | C56: =VLOOKUP(A56,Sheet3!$A:$C,3,0) -> 1kg*10pc | D56: 10 | F56: =D56*E56 -> 0 | G56: 千克
A57: 经典辣肠 | B57: =VLOOKUP(A57,Sheet3!$A:$B,2,0) -> 101719 | C57: =VLOOKUP(A57,Sheet3!$A:$C,3,0) -> 1kg*10 | D57: 10 | F57: =D57*E57 -> 0 | G57: 千克
A58: 黑松露风味酱 | B58: =VLOOKUP(A58,Sheet3!$A:$B,2,0) -> 101720 | C58: =VLOOKUP(A58,Sheet3!$A:$C,3,0) -> 0.2kg*20pc | D58: 4 | F58: =D58*E58 -> 0 | G58: 千克
A59: 土豆泥 | B59: =VLOOKUP(A59,Sheet3!$A:$B,2,0) -> 101721 | C59: =VLOOKUP(A59,Sheet3!$A:$C,3,0) -> 1kg*12pc | D59: 12 | F59: =D59*E59 -> 0 | G59: 千克
A60: 调理雪花牛肉粒 | B60: =VLOOKUP(A60,Sheet3!$A:$B,2,0) -> 101723 | C60: =VLOOKUP(A60,Sheet3!$A:$C,3,0) -> 0.15kg*80pc | D60: 12 | F60: =D60*E60 -> 0 | G60: 千克
A61: 90g冷冻披萨面团 | B61: =VLOOKUP(A61,Sheet3!$A:$B,2,0) -> 101725 | C61: =VLOOKUP(A61,Sheet3!$A:$C,3,0) -> 0.09kg*100pc | D61: 9 | F61: =D61*E61 -> 0 | G61: 千克
A62: 冷冻意面 | B62: =VLOOKUP(A62,Sheet3!$A:$B,2,0) -> 101727 | C62: =VLOOKUP(A62,Sheet3!$A:$C,3,0) -> 200g*30 | D62: 6 | F62: =D62*E62 -> 0 | G62: 千克
A63: 榴莲果肉 | B63: =VLOOKUP(A63,Sheet3!$A:$B,2,0) -> 101732 | C63: =VLOOKUP(A63,Sheet3!$A:$C,3,0) -> 1kg*10pkt | D63: 10 | E63: 4 | F63: =D63*E63 -> 40 | G63: 千克
A64: 香酥鸡柳 | B64: =VLOOKUP(A64,Sheet3!$A:$B,2,0) -> 101733 | C64: =VLOOKUP(A64,Sheet3!$A:$C,3,0) -> 1kg*10pc | D64: 10 | F64: =D64*E64 -> 0 | G64: 千克
A65: 匹萨饼 | B65: =VLOOKUP(A65,Sheet3!$A:$B,2,0) -> 101736 | C65: =VLOOKUP(A65,Sheet3!$A:$C,3,0) -> 110g*6*12pc | D65: 7.92 | F65: =D65*E65 -> 0 | G65: 千克
A66: 披萨酱 | B66: =VLOOKUP(A66,Sheet3!$A:$B,2,0) -> 101737 | C66: =VLOOKUP(A66,Sheet3!$A:$C,3,0) -> 500g*20袋 | D66: 10 | F66: =D66*E66 -> 0 | G66: 千克
A67: 巴氏杀菌冰全蛋 | B67: =VLOOKUP(A67,Sheet3!$A:$B,2,0) -> 101738 | C67: =VLOOKUP(A67,Sheet3!$A:$C,3,0) -> 970g*6 | D67: 5.82 | F67: =D67*E67 -> 0 | G67: 千克
A68: 华美裹粉鸡胗 | B68: =VLOOKUP(A68,Sheet3!$A:$B,2,0) -> 101739 | C68: =VLOOKUP(A68,Sheet3!$A:$C,3,0) -> 40g*20*12pc | D68: 9.6 | F68: =D68*E68 -> 0 | G68: 千克
A69: 原味香肠（长） | B69: =VLOOKUP(A69,Sheet3!$A:$B,2,0) -> 101740 | C69: =VLOOKUP(A69,Sheet3!$A:$C,3,0) -> 55g*16*10pc | D69: 8.8 | F69: =D69*E69 -> 0 | G69: 千克
A70: 牛肝菌菌菇调理包 | B70: =VLOOKUP(A70,Sheet3!$A:$B,2,0) -> 101742 | C70: =VLOOKUP(A70,Sheet3!$A:$C,3,0) -> 1kg*10pc | D70: 10 | F70: =D70*E70 -> 0 | G70: 千克
A71: 黑椒牛肉片 | B71: =VLOOKUP(A71,Sheet3!$A:$B,2,0) -> 101744 | C71: =VLOOKUP(A71,Sheet3!$A:$C,3,0) -> 0.4kg*30 | D71: 12 | F71: =D71*E71 -> 0 | G71: 千克
A72: 小可颂 | B72: =VLOOKUP(A72,Sheet3!$A:$B,2,0) -> 101745 | C72: =VLOOKUP(A72,Sheet3!$A:$C,3,0) -> 20g*50 | D72: 1 | F72: =D72*E72 -> 0 | G72: 千克
A73: 8英寸薄脆比萨饼底 | B73: =VLOOKUP(A73,Sheet3!$A:$B,2,0) -> 101747 | C73: =VLOOKUP(A73,Sheet3!$A:$C,3,0) -> 5.58kg | D73: 5.58 | E73: 1 | F73: =D73*E73 -> 5.58 | G73: 千克
A74: 天使蛋糕 | B74: =VLOOKUP(A74,Sheet3!$A:$B,2,0) -> 101748 | C74: =VLOOKUP(A74,Sheet3!$A:$C,3,0) -> 60g*4*4 | D74: 0.96 | F74: =D74*E74 -> 0 | G74: 千克
A75: 明太子 | B75: =VLOOKUP(A75,Sheet3!$A:$B,2,0) -> 101751 | C75: =VLOOKUP(A75,Sheet3!$A:$C,3,0) -> 500g*10 袋/箱 | D75: 5 | F75: =D75*E75 -> 0 | G75: 千克
A76: 冷冻土豆泥 | B76: =VLOOKUP(A76,Sheet3!$A:$B,2,0) -> 101752 | C76: =VLOOKUP(A76,Sheet3!$A:$C,3,0) -> 1kg*10pc | D76: 10 | F76: =D76*E76 -> 0 | G76: 千克
A77: 冷冻意式披萨 | B77: =VLOOKUP(A77,Sheet3!$A:$B,2,0) -> 101753 | C77: =VLOOKUP(A77,Sheet3!$A:$C,3,0) -> 110g*60pc | D77: 6.6 | E77: 1 | F77: =D77*E77 -> 6.6 | G77: 千克
A78: 炸鱿鱼圈 | B78: =VLOOKUP(A78,Sheet3!$A:$B,2,0) -> 101754 | C78: =VLOOKUP(A78,Sheet3!$A:$C,3,0) -> 500g*10pc | D78: 5 | E78: 1 | F78: =D78*E78 -> 5 | G78: 千克
A79: 速冻甜青豆 | B79: =VLOOKUP(A79,Sheet3!$A:$B,2,0) -> 101755 | C79: =VLOOKUP(A79,Sheet3!$A:$C,3,0) -> 1kg*4pc | D79: 4 | F79: =D79*E79 -> 0 | G79: 千克
A80: 意式甜椒核桃酱 | B80: =VLOOKUP(A80,Sheet3!$A:$B,2,0) -> 101756 | C80: =VLOOKUP(A80,Sheet3!$A:$C,3,0) -> 200g*20pc | D80: 4 | F80: =D80*E80 -> 0 | G80: 千克
A81: 8英寸薄脆比萨饼底 | B81: =VLOOKUP(A81,Sheet3!$A:$B,2,0) -> 101747 | C81: =VLOOKUP(A81,Sheet3!$A:$C,3,0) -> 5.58kg | D81: 5.58 | F81: =D81*E81 -> 0 | G81: 千克
A82: 萨莉亚黑椒鸡腿 | B82: =VLOOKUP(A82,Sheet3!$A:$B,2,0) -> 101058 | C82: =VLOOKUP(A82,Sheet3!$A:$C,3,0) -> 220g/枚*12枚/包*4包/箱 | D82: 10.56 | E82: 1 | F82: =D82*E82 -> 10.56 | G82: 千克
A83: 萨莉亚原味鸡腿 | B83: =VLOOKUP(A83,Sheet3!$A:$B,2,0) -> 101758 | C83: =VLOOKUP(A83,Sheet3!$A:$C,3,0) -> 220g/枚*12枚/包*4包/箱 | D83: 10.56 | F83: =D83*E83 -> 0 | G83: 千克
A84: 原味鸡胗串20g | B84: =VLOOKUP(A84,Sheet3!$A:$B,2,0) -> 101759 | C84: =VLOOKUP(A84,Sheet3!$A:$C,3,0) -> 20g/串*20串/袋*24袋/箱 | D84: 9.6 | F84: =D84*E84 -> 0 | G84: 千克
A85: 藤椒鸡胗串20g | B85: =VLOOKUP(A85,Sheet3!$A:$B,2,0) -> 101760 | C85: =VLOOKUP(A85,Sheet3!$A:$C,3,0) -> 20g/串*20串/袋*24袋/箱 | D85: 9.6 | F85: =D85*E85 -> 0 | G85: 千克
A86: 原味香肠A | B86: =VLOOKUP(A86,Sheet3!$A:$B,2,0) -> 101761 | C86: =VLOOKUP(A86,Sheet3!$A:$C,3,0) -> 500g*18 | D86: 9 | F86: =D86*E86 -> 0 | G86: 千克
A87: 原味香肠 | B87: =VLOOKUP(A87,Sheet3!$A:$B,2,0) -> 101762 | C87: =VLOOKUP(A87,Sheet3!$A:$C,3,0) -> 25g*40*10pc | D87: 10 | F87: =D87*E87 -> 0 | G87: 千克
A88: 实验经典辣肠 | B88: =VLOOKUP(A88,Sheet3!$A:$B,2,0) -> 101764 | C88: =VLOOKUP(A88,Sheet3!$A:$C,3,0) -> 25g*40*10pc | D88: 10 | F88: =D88*E88 -> 0 | G88: 千克
A89: 萨莉亚鸡米花 | B89: =VLOOKUP(A89,Sheet3!$A:$B,2,0) -> 101765 | C89: =VLOOKUP(A89,Sheet3!$A:$C,3,0) -> 1kg*12pc | D89: 12 | E89: 1 | F89: =D89*E89 -> 12 | G89: 千克
A90: 博洛尼亚风味白肉酱 | B90: =VLOOKUP(A90,Sheet3!$A:$B,2,0) -> 101766 | C90: =VLOOKUP(A90,Sheet3!$A:$C,3,0) -> 500g*20pc | D90: 10 | F90: =D90*E90 -> 0 | G90: 千克
A91: 薄脆茄红烤翅 | B91: =VLOOKUP(A91,Sheet3!$A:$B,2,0) -> 101767 | C91: =VLOOKUP(A91,Sheet3!$A:$C,3,0) -> 1ｋｇ*12ｐｃ | D91: 12 | F91: =D91*E91 -> 0 | G91: 千克
A92: 苹果派 | B92: =VLOOKUP(A92,Sheet3!$A:$B,2,0) -> 101768 | C92: =VLOOKUP(A92,Sheet3!$A:$C,3,0) -> 76g*7*4pc | D92: 2.128 | F92: =D92*E92 -> 0 | G92: 千克
A93: 辣西西-布拉塔干酪（迷你） | B93: =VLOOKUP(A93,Sheet3!$A:$B,2,0) -> 101770 | C93: =VLOOKUP(A93,Sheet3!$A:$C,3,0) -> 200g*8盒 | D93: 1.6 | F93: =D93*E93 -> 0 | G93: 千克
A94: 罗勒松子调味酱 | B94: =VLOOKUP(A94,Sheet3!$A:$B,2,0) -> 101771 | C94: =VLOOKUP(A94,Sheet3!$A:$C,3,0) -> 500g*20pc | D94: 10 | F94: =D94*E94 -> 0 | G94: 千克
A95: 凯达薯业冷冻小方形薯饼 | B95: =VLOOKUP(A95,Sheet3!$A:$B,2,0) -> 101772 | C95: =VLOOKUP(A95,Sheet3!$A:$C,3,0) -> 2KG*5包 | D95: 10 | E95: 1 | F95: =D95*E95 -> 10 | G95: 千克
A96: 意式红烩鸡肉块 | B96: =VLOOKUP(A96,Sheet3!$A:$B,2,0) -> 101773 | C96: =VLOOKUP(A96,Sheet3!$A:$C,3,0) -> 250g*48pc | D96: 12 | F96: =D96*E96 -> 0 | G96: 千克
A97: 双裕速冻甜玉米粒 | B97: =VLOOKUP(A97,Sheet3!$A:$B,2,0) -> 101775 | C97: =VLOOKUP(A97,Sheet3!$A:$C,3,0) -> 3KG×4 袋 | D97: 12 | F97: =D97*E97 -> 0 | G97: 千克
A98: 速冻玉米粒（实验） | B98: =VLOOKUP(A98,Sheet3!$A:$B,2,0) -> 101776 | C98: =VLOOKUP(A98,Sheet3!$A:$C,3,0) -> 1kg*10pc | D98: 10 | F98: =D98*E98 -> 0 | G98: 千克
A99: 多趣乐-巧克力碎牛奶冰激凌 | B99: =VLOOKUP(A99,Sheet3!$A:$B,2,0) -> 101777 | C99: =VLOOKUP(A99,Sheet3!$A:$C,3,0) -> 65g*12 | D99: 0.78 | F99: =D99*E99 -> 0 | G99: 千克
A100: 原切谷饲安格斯西冷牛排 | B100: =VLOOKUP(A100,Sheet3!$A:$B,2,0) -> 101778 | C100: =VLOOKUP(A100,Sheet3!$A:$C,3,0) -> 150g*100pc | D100: 15 | F100: =D100*E100 -> 0 | G100: 千克
...

Sheet Sheet2
B1: 冻鱿鱼圈 | C1: 101015 | E1: 冻鱿鱼圈 | F1: 101015
B2: 萨莉亚鸡排 | C2: 101022 | E2: 萨莉亚鸡排 | F2: 101022
B3: 萨莉亚翅中 | C3: 101024 | E3: 萨莉亚翅中 | F3: 101024
B4: 大蒜黄油 | C4: 101025 | E4: 大蒜黄油 | F4: 101025
B5: 海鲜味调味汁 | C5: 101030 | E5: 海鲜味调味汁 | F5: 101030
B6: 冻煮杂色蛤 | C6: 101040 | E6: 冻煮杂色蛤 | F6: 101040
B7: 蔬菜汤 | C7: 101055 | E7: 蔬菜汤 | F7: 101055
B8: 妙可蓝多马苏里拉奶酪 | C8: 101063 | E8: 妙可蓝多马苏里拉奶酪 | F8: 101063
B9: 萨莉亚速冻蜗牛肉 | C9: 101073 | E9: 萨莉亚速冻蜗牛肉 | F9: 101073
B10: 法排小切 | C10: 101189 | E10: 法排小切 | F10: 101189
B11: 香草鸡排串 | C11: 101269 | E11: 香草鸡排串 | F11: 101269
B12: 伊利冰淇淋（香草口味） | C12: 101329 | E12: 伊利冰淇淋（香草口味） | F12: 101329
... B101: 贝贝罗尼意式萨拉米 | C101: 101714 | E101: 贝贝罗尼意式萨拉米 | F101: 101714
B102: 稀奶油 | C102: 101746 | E102: 稀奶油 | F102: 101746
B103: 百蒂凯-樱桃番茄 | C103: 720003 | E103: 百蒂凯-樱桃番茄 | F103: 720003
B104: 百蒂凯-彩椒丝 | C104: 720004 | E104: 百蒂凯-彩椒丝 | F104: 720004
B105: 百蒂凯-蔬菜底料 | C105: 720005 | E105: 百蒂凯-蔬菜底料 | F105: 720005
B106: 百蒂凯-火龙果 | C106: 720013 | E106: 百蒂凯-火龙果 | F106: 720013
B107: 百蒂凯-混合色拉 | C107: 720017 | E107: 百蒂凯-混合色拉 | F107: 720017
B108: 赛沛弗-混合色拉 | C108: 730017 | E108: 赛沛弗-混合色拉 | F108: 730017
B109: 赛沛弗-樱桃番茄 | C109: 730003 | E109: 赛沛弗-樱桃番茄 | F109: 730003
B110: 赛沛弗-彩椒丝 | C110: 730004 | E110: 赛沛弗-彩椒丝 | F110: 730004
B111: 赛沛弗-蔬菜底料 | C111: 730005 | E111: 赛沛弗-蔬菜底料 | F111: 730005
B112: 赛沛弗-火龙果 | C112: 730013 | E112: 赛沛弗-火龙果 | F112: 730013
B113: 赛沛弗-芝麻菜 | C113: 730011 | E113: 赛沛弗-芝麻菜 | F113: 730011
B114: 百蒂凯-芝麻菜 | C114: 720011 | E114: 百蒂凯-芝麻菜 | F114: 720011
... B159: 可可粉 | C159: 101729 | E159: 可可粉 | F159: 101729
B160: 利梭多粉 | C160: 101730 | E160: 利梭多粉 | F160: 101730
B161: 海苔片2*35毫米 | C161: 101757 | E161: 海苔片2*35毫米 | F161: 101730
B162: 酸汤鱼金汤料 | C162: 101763 | E162: 酸汤鱼金汤料 | F162: 101730
B163: 扁可颂面包 | C163: 101769 | E163: 扁可颂面包 | F163: 101730
B164: 白糖包 | C164: 201276 | E164: 白糖包 | F164: 201276
B165: 万家宴一级大豆油 | C165: 301115 | E165: 万家宴一级大豆油 | F165: 301115
B166: 萨莉亚沙拉酱 | C166: 401286 | E166: 萨莉亚沙拉酱 | F166: 401286
B167: 可口可乐糖浆 | C167: 700001 | E167: 可口可乐糖浆 | F167: 700001
B168: 雪碧糖浆 | C168: 700002 | E168: 雪碧糖浆 | F168: 700002
B169: 芬达橙汁糖浆 | C169: 700003 | E169: 芬达橙汁糖浆 | F169: 700003
B170: 飞想柠檬红茶 | C170: 700004 | E170: 飞想柠檬红茶 | F170: 700004
B171: 零度可乐糖浆 | C171: 700006 | E171: 零度可乐糖浆 | F171: 700006
B172: 可口可乐糖浆 | C172: 700001 | E172: 可口可乐糖浆 | F172: 700001
B173: 雪碧糖浆 | C173: 700002 | E173: 雪碧糖浆 | F173: 700002
B174: 芬达橙汁糖浆 | C174: 700003 | E174: 芬达橙汁糖浆 | F174: 700003
B175: 飞想柠檬红茶 | C175: 700004 | E175: 飞想柠檬红茶 | F175: 700004
B176: 零度可乐糖浆 | C176: 700006 | E176: 零度可乐糖浆 | F176: 700006
E177: 太古碳酸（仅限杭州店铺用） | F177: 710006

Sheet Sheet3
A1: 可口可乐糖浆 | B1: 700001 | C1: 10L
A2: 雪碧糖浆 | B2: 700002 | C2: 10L
A3: 芬达橙汁糖浆 | B3: 700003 | C3: 10L
A4: 飞想柠檬红茶 | B4: 700004 | C4: 10L
A5: 零度可乐糖浆 | B5: 700006 | C5: 10L
A6: 赛沛弗-混合色拉 | B6: 730017 | C6: 0.6kg
A7: 赛沛弗-樱桃番茄 | B7: 730003 | C7: 0.5kg
A8: 赛沛弗-蔬菜底料 | B8: 730005 | C8: 1kg
A9: 赛沛弗-火龙果 | B9: 730013 | C9: 0.6kg
A10: 百蒂凯-樱桃番茄 | B10: 720003 | C10: 0.5kg
A11: 百蒂凯-蔬菜底料 | B11: 720005 | C11: 1kg
A12: 百蒂凯-混合色拉 | B12: 720017 | C12: 0.6kg
... A195: 屯河番茄丁 | B195: 101782 | C195: 2.85kg*6can
